Role,Sampling,Method,Budget,n_realizations,Primary_mean,Primary_SD,Primary_q025,Primary_median,Primary_q975,FN_RMSE_mean,FN_R2_mean,UN_RMSE_mean,UN_R2_mean
formal_updater,RSGS,Affine,3,504,0.6348752685060322,0.053247274395483074,0.5740760747251263,0.6233900145315436,0.7548259041504947,1.6407734772902671,0.7298357636722128,3.277719129084808,0.35872096597558556
formal_updater,RSGS,Affine,6,504,0.6143146505894934,0.039325437013581134,0.5652392477369121,0.6083505526904023,0.6973905475637011,1.6255120635777687,0.7391530101400515,3.1207948499082687,0.41170398848336875
formal_updater,RSGS,Affine,9,504,0.6217079347964778,0.04013698030274483,0.5771418628978028,0.6064705247017907,0.7067240404271973,1.6920450231459019,0.7229530978265665,3.0953876630293813,0.4522364196688117
formal_updater,RSGS,Affine,12,504,0.6171410640536534,0.03677371998970402,0.5644570910492099,0.6112216628321014,0.7110011801609549,1.5402314619300415,0.7636234617282593,3.259503032765862,0.37034542468659143
formal_updater,RSGS,TargetWeightedFullRF,3,504,0.8592826477046374,0.02711881800305697,0.8101996625926619,0.8610377565276052,0.9005087418405002,1.712335141398421,0.707310002131969,5.117821711956281,-0.5493606074719452
formal_updater,RSGS,TargetWeightedFullRF,6,504,0.822342539439584,0.04686252291015745,0.7490425541880583,0.8157978632968933,0.9211325549797368,1.7356979032792885,0.7032431862242435,4.767808212128278,-0.37097246510890497
formal_updater,RSGS,TargetWeightedFullRF,9,504,0.781411056478695,0.026346461567509888,0.7290771555681319,0.7824336922490482,0.8312294841075939,1.6093008077657855,0.751082422360502,4.584121959282368,-0.2000710683956832
formal_updater,RSGS,TargetWeightedFullRF,12,504,0.7777560423302932,0.048536088711678416,0.7015734740954899,0.7705112903987705,0.8818910213086194,1.4019615347758712,0.8039837219753668,4.830539781527417,-0.37997111735506706
formal_updater,RSGS,CG-HPP,3,504,0.6266879536212611,0.05019673269918535,0.566904324210467,0.614959819305708,0.7339040900287004,1.6652183011268928,0.72164525053478,3.1743147430464624,0.39899949122843864
formal_updater,RSGS,CG-HPP,6,504,0.5488954198963575,0.05302708888150075,0.46633703683444017,0.5499121366654343,0.6503771389476886,1.656524411866928,0.7286563830246008,2.5148279825385815,0.612469936909513
formal_updater,RSGS,CG-HPP,9,504,0.5343905188064416,0.053862942361989,0.44190672663934366,0.5267261111271884,0.642820186277186,1.5065081070420772,0.7782159199768502,2.5907954073335886,0.6134795659955865
formal_updater,RSGS,CG-HPP,12,504,0.5189914829296485,0.05103883965791512,0.4284930989280857,0.5180545646266164,0.6217782445828729,1.2380481619388612,0.8466857310758098,2.817829693216939,0.5239476133006495
formal_updater,RSGS,Mean,3,504,1.040079271688566,0.12849816273897166,0.8349709741907642,1.039189481832115,1.3019964573648857,1.6534320205292359,0.724528115101191,6.756576073773043,-1.788148213905206
formal_updater,RSGS,Mean,6,504,0.8199509166952038,0.043582658661346786,0.7686042442891395,0.8083685967025719,0.9208012909389782,1.5431033793972573,0.7655630592635335,5.00535949561862,-0.5118514313091305
formal_updater,RSGS,Mean,9,504,0.8034045977487121,0.014589244608366955,0.7817577501882634,0.8018186989406964,0.8386643442083084,1.581380617435357,0.759371866687816,4.811296081234086,-0.32013397120397713
formal_updater,RSGS,Mean,12,504,0.8077461943249147,0.01281660200417624,0.792202294701507,0.8047682556040219,0.8382705968968205,1.5120111251088262,0.7722965393730848,4.941746437848854,-0.4349214001751273
formal_updater,P2-PAM,Affine,3,504,0.6663161459819046,0.05716028220107494,0.5796685988992435,0.6509916897595653,0.8066063378193307,1.6801141476687476,0.7209747222500051,3.496231242172276,0.32053059481268764
formal_updater,P2-PAM,Affine,6,504,0.6063451615707256,0.02944516067649374,0.5695288917097426,0.5985846216073918,0.6823021511467602,1.548650588030962,0.7666945234801595,3.1550769301804094,0.46642502419820014
formal_updater,P2-PAM,Affine,9,504,0.6001823352465071,0.024428056689777572,0.5721539844994588,0.5940198598443933,0.6641419439221553,1.5386555927330459,0.7747667948695517,3.1153071214576706,0.48458296683419316
formal_updater,P2-PAM,Affine,12,504,0.5945897415384139,0.020118312159488044,0.5672244858873747,0.5904384990336153,0.6443784460880739,1.5571362236498447,0.771949420367096,3.042283598160707,0.5142706044602322
formal_updater,P2-PAM,TargetWeightedFullRF,3,504,0.9066974245390358,0.01881948744534682,0.8701013001575157,0.9082331709725509,0.9359008980236553,1.6901844852445023,0.7190922674315096,5.5565786772468755,-0.6807346874992485
formal_updater,P2-PAM,TargetWeightedFullRF,6,504,0.8283853270106445,0.03168378924063767,0.7592524843398506,0.8296936926382408,0.8820127322549579,1.6711320711985511,0.7282831025454829,4.906495699117835,-0.2866438802331139
formal_updater,P2-PAM,TargetWeightedFullRF,9,504,0.8352806806172043,0.03090225862463978,0.7793167650993105,0.8342354444985615,0.8936595002962313,1.6487923020601492,0.7412916554650614,4.995931962829807,-0.3228933551623488
formal_updater,P2-PAM,TargetWeightedFullRF,12,504,0.8055626723236727,0.040511294081699685,0.7135633384672276,0.8107586066421512,0.8705492300547272,1.5525010054995525,0.7734648516489432,4.868629354954319,-0.24657258922620134
formal_updater,P2-PAM,CG-HPP,3,504,0.6525553711069432,0.04803105850861218,0.5900108824586071,0.6433980618159756,0.7631333341851086,1.5407390206525502,0.7660531179903478,3.5643533439718253,0.2985564983142129
formal_updater,P2-PAM,CG-HPP,6,504,0.5879504887893684,0.027041415717653085,0.5459373490541679,0.5842711613103093,0.6456765230348188,1.400542419463657,0.8088240844958381,3.1949280598871064,0.4526085442680902
formal_updater,P2-PAM,CG-HPP,9,504,0.5428537133115015,0.04664924091356837,0.450715400564079,0.5481106705833322,0.6296908590073902,1.3647152308750297,0.8222899935131973,2.853892046797195,0.5614782310521115
formal_updater,P2-PAM,CG-HPP,12,504,0.4883614910804001,0.03831004482756613,0.42101805563712824,0.48756149734633064,0.5679677435305586,1.2345150428440679,0.8565135221098309,2.5583111689020903,0.6516736547801381
formal_updater,P2-PAM,Mean,3,504,0.8590134762316759,0.06826407674139225,0.7887991950302441,0.8305076543058816,1.0161674576534667,1.7100727244166978,0.7105749405064548,5.11853238885484,-0.4385021389405327
formal_updater,P2-PAM,Mean,6,504,0.8280540093868355,0.03623295022234007,0.7880222580694354,0.81856104100689,0.9249030523908768,1.5549190333149867,0.7647387660748358,5.059427909384176,-0.3693944531248465
formal_updater,P2-PAM,Mean,9,504,0.8077926980172735,0.014715473342153848,0.7950859275165671,0.8026540887847274,0.8519792996213938,1.5273723000985997,0.7780889069910999,4.92155505762051,-0.2813950074625526
formal_updater,P2-PAM,Mean,12,504,0.80058747983214,0.010401797951716177,0.788602183959802,0.7979215523986177,0.8275640808424669,1.4947163096277358,0.7901620598644855,4.903170628342956,-0.2589984105733296
formal_updater,Random,Affine,3,504,0.8001054213978345,0.1562872638265816,0.5848245256681561,0.7717974623573535,1.1731103460680692,1.808346672709925,0.6621472516719608,4.478571313006944,-0.18749213839342835
formal_updater,Random,Affine,6,504,0.7160524370993757,0.13883643755858122,0.5743636591589798,0.6739155481617586,1.0979206228228444,1.777574520361259,0.6771308012343609,3.7946708578218873,0.147342697870932
formal_updater,Random,Affine,9,504,0.6639210170570135,0.091513570179217,0.5670241999301907,0.6389786148593003,0.9287095448356741,1.7081756967649508,0.7064958905618034,3.4379494862510542,0.33065715206381696
formal_updater,Random,Affine,12,504,0.6404283779687631,0.07644047733787004,0.558768222849574,0.6202570286409834,0.8428401116893139,1.6584937139953642,0.7226733057793661,3.3018725598909833,0.3876874215278042
formal_updater,Random,TargetWeightedFullRF,3,504,0.9166027002217901,0.043183608627050514,0.8083020825677941,0.9239854417165583,0.9859408874349449,1.6775516154306955,0.7232870614687371,5.658969831182187,-0.745011947017289
formal_updater,Random,TargetWeightedFullRF,6,504,0.8835132207927582,0.059191862313088,0.7592945489111094,0.8943920521919309,0.9737173274137483,1.666445144794877,0.7258222680276071,5.388385044103801,-0.5877177937500847
formal_updater,Random,TargetWeightedFullRF,9,504,0.8527421484343239,0.07191284146974332,0.7155801713804724,0.8644256883232919,0.9725345821703364,1.6489306127302306,0.7305050371116244,5.146392300807276,-0.45335035372696425
formal_updater,Random,TargetWeightedFullRF,12,504,0.8255002860817349,0.08185646123698086,0.6715156227946069,0.8276055248591087,0.9673437749349897,1.6317938742665783,0.7345519004740737,4.934340742865396,-0.3440238928388227
formal_updater,Random,CG-HPP,3,504,0.7841502726208849,0.13367837670855678,0.5821474003185736,0.7734854131109359,1.0926351438566404,1.701918151051632,0.7029113442670305,4.483594924733864,-0.1660787526406797
formal_updater,Random,CG-HPP,6,504,0.6880159325486321,0.12584125406319263,0.5279129316374335,0.6555503867124719,1.0149328082103535,1.6351296866220622,0.7255671517477695,3.743746732275338,0.1823039880723714
formal_updater,Random,CG-HPP,9,504,0.6214657937424755,0.0963541069717468,0.4743403428242715,0.6064241937815223,0.8529508148268654,1.547612658466605,0.7561368953326429,3.2869189401482553,0.3828639474893527
formal_updater,Random,CG-HPP,12,504,0.5781515061998108,0.08941334432840145,0.434771034909169,0.566609077067035,0.79098558713315,1.4664628058754874,0.7793681317200718,3.022018797134081,0.4792659998203813
formal_updater,Random,Mean,3,504,0.9268778355787982,0.14130744252362049,0.7912839774873264,0.8845317342015635,1.3263939699211662,1.7410023608743306,0.6844675400847725,5.662557203934979,-0.8185206275928018
formal_updater,Random,Mean,6,504,0.8663536193088361,0.0778848739370656,0.7829689160383237,0.84467819585841,1.0476823635105343,1.6324120871658494,0.7330300657232796,5.28596696006509,-0.5473581569670167
formal_updater,Random,Mean,9,504,0.8416581933933307,0.05833707669402347,0.7748666715879051,0.8280449581385998,0.9941115181986315,1.5771833783490616,0.7528213646720286,5.146948922470594,-0.45795198782288254
formal_updater,Random,Mean,12,504,0.8276118858885907,0.04646752197204811,0.7551388944363038,0.8200697751707224,0.9372934616770545,1.5432109361358572,0.7628613425955256,5.071308977706436,-0.4153627576981018
local_only_boundary,RSGS,TargetOnlyElasticNet,3,504,0.7390461822680092,0.10541184880642722,0.6169996427054435,0.7032000463265489,0.9381830944339729,2.1024791838386614,0.5552670824452343,3.557491041173125,0.22053193512497943
local_only_boundary,RSGS,TargetOnlyElasticNet,6,504,0.6283229606448605,0.11942024516432724,0.4699286157964953,0.5974752848252457,0.9364036302776526,1.72522913057595,0.7047441219625854,3.107972338734979,0.36993711623710324
local_only_boundary,RSGS,TargetOnlyElasticNet,9,504,0.5334004810015021,0.049200329350129184,0.44997073499003004,0.5277365940645724,0.6315683637996881,1.7059818485176597,0.7162622675611972,2.314847433821379,0.6915574050732305
local_only_boundary,RSGS,TargetOnlyElasticNet,12,504,0.6281633260050227,0.07474803192080154,0.5056204443538008,0.6250608702599614,0.7797057644771579,1.7814725328691203,0.6807652290832247,3.031197441760387,0.4418899145522647
local_only_boundary,RSGS,TargetOnlyRF,3,504,0.8719141729739334,0.07955109318241596,0.7437691122635604,0.8650804705069159,1.0382080870643657,2.7363940406175877,0.24910419298487912,3.853985187684554,0.096658288002959
local_only_boundary,RSGS,TargetOnlyRF,6,504,0.6316549741773023,0.05347452916230677,0.5524621785363887,0.6280605959318966,0.7429116781976347,2.132366996473404,0.5493535706130006,2.5909258064017755,0.5916295992766593
local_only_boundary,RSGS,TargetOnlyRF,9,504,0.6240809083835109,0.044202975971278056,0.5513317814433111,0.6231381162547233,0.7057345569783036,2.103092306493822,0.5692352786812842,2.5648263715635697,0.623014148335061
local_only_boundary,RSGS,TargetOnlyRF,12,504,0.6199650734709912,0.06505131372046336,0.501187212234214,0.6226287289271444,0.7640972540800004,1.9723155689141172,0.605902393471539,2.7046318414160053,0.5608279842799261
local_only_boundary,RSGS,TargetOnlyRidge,3,504,0.62700155797508,0.09112315862009955,0.5040760347253926,0.6071634722063243,0.7846890151505577,1.4915924101070717,0.775288141274513,3.4097763011747713,0.28983272752342787
local_only_boundary,RSGS,TargetOnlyRidge,6,504,0.616533361431476,0.1128691685034949,0.4702508920599122,0.5911974608148424,0.9130750437402071,1.7211910419615388,0.7051998234079492,3.011672940421171,0.41581653612762154
local_only_boundary,RSGS,TargetOnlyRidge,9,504,0.5391211548706402,0.049832169264750995,0.45701400808533194,0.534228416552222,0.6444311981573517,1.7401872434831283,0.7046553554094263,2.3183471470345305,0.6907229186205801
local_only_boundary,RSGS,TargetOnlyRidge,12,504,0.6271154584764607,0.07435570548081591,0.5023148779535082,0.6236957545249558,0.7804699449886037,1.7817870338649693,0.680127315136074,3.021735540821231,0.4460554386234146
local_only_boundary,P2-PAM,TargetOnlyElasticNet,3,504,0.8484012381694432,0.07773001847985948,0.7044159551590748,0.8529888397488644,1.0126438035763006,2.49575323699063,0.37988713227648857,3.9737249942671418,0.12247185200488711
local_only_boundary,P2-PAM,TargetOnlyElasticNet,6,504,0.6589365144842018,0.061057333658829004,0.5474863531990891,0.6588462726910849,0.7791944451651255,1.5178332203317557,0.7748989929679196,3.6501121480761123,0.2732677052483798
local_only_boundary,P2-PAM,TargetOnlyElasticNet,9,504,0.6500921877899813,0.08114507446269696,0.49976952350016285,0.656330830668642,0.7993957671840133,1.5653371145827064,0.7656782233789174,3.5101274315118096,0.32382387196485096
local_only_boundary,P2-PAM,TargetOnlyElasticNet,12,504,0.5737580535446356,0.06158583594271714,0.46728476378041,0.5689725080071725,0.721939825032983,1.5437154422516466,0.7749190839474588,2.8805532306575192,0.5529651972228454
local_only_boundary,P2-PAM,TargetOnlyRF,3,504,0.8640670605352098,0.0834733141481687,0.7261652524791679,0.8642399133792967,1.04780902618189,2.3961350772118197,0.4328483004748363,4.24242328854465,-0.006023295399701486
local_only_boundary,P2-PAM,TargetOnlyRF,6,504,0.7198449412767048,0.05642999147152243,0.6141935919249248,0.7178962034510024,0.8425191246664785,2.1785135579469213,0.5371784527818679,3.2899070314588754,0.4140135015965255
local_only_boundary,P2-PAM,TargetOnlyRF,9,504,0.6629815993268472,0.0509705155965045,0.5653575599510304,0.6609432808791762,0.7675191507523433,1.9183987643321325,0.6481611272004789,3.148028107818961,0.4691005280316724
local_only_boundary,P2-PAM,TargetOnlyRF,12,504,0.6613579823747934,0.0474554433262312,0.5711608093658552,0.6595271319411382,0.7757782197625808,1.964715633694843,0.6363088552287205,3.071930076970984,0.49913999592619573
local_only_boundary,P2-PAM,TargetOnlyRidge,3,504,0.7605668671126312,0.07613019806798242,0.635058632949705,0.7563459122638947,0.9153038562941574,2.070381676360884,0.5751653115143416,3.7861856231177042,0.1980704729396865
local_only_boundary,P2-PAM,TargetOnlyRidge,6,504,0.6322470122355172,0.05340927942549644,0.5372795459691863,0.6304487732885993,0.7528146170711963,1.5255305743575622,0.77282366983906,3.409534379452539,0.3679678036454317
local_only_boundary,P2-PAM,TargetOnlyRidge,9,504,0.636759685662268,0.07177418080513837,0.48456067354177673,0.6421349781947241,0.7690737148397364,1.5811955073354333,0.76118990331135,3.373844474097843,0.37901834829513875
local_only_boundary,P2-PAM,TargetOnlyRidge,12,504,0.5762666379701308,0.06117666997393488,0.4663384706775823,0.5720402898451096,0.718014508360077,1.5568302743753393,0.7710308484236271,2.8846143784973184,0.5521196977683405
local_only_boundary,Random,TargetOnlyElasticNet,3,504,1.593176133324354,2.6064527849829076,0.6231608850731474,1.0683237149755382,5.544719306397321,4.378173734024157,-2.7413951557942697,7.875641459576514,-24.748651080229546
local_only_boundary,Random,TargetOnlyElasticNet,6,504,0.9776803891019888,0.35280396561878374,0.5725422835121464,0.8903469794772366,1.9360360196183404,2.5946787889252407,0.22885303518539069,4.956442524148567,-0.6540707799445904
local_only_boundary,Random,TargetOnlyElasticNet,9,504,0.8204625523909855,0.24224275871996612,0.5240049440964284,0.7671056487033528,1.5052819157480488,2.204091824454985,0.4644457512140529,4.123678617555486,-0.07945979010449122
local_only_boundary,Random,TargetOnlyElasticNet,12,504,0.702140600433398,0.18728433668673622,0.4807129237749571,0.6627621320025563,1.168958706831159,1.9571234888407925,0.5844653907922077,3.433952691816446,0.2861783119919076
local_only_boundary,Random,TargetOnlyRF,3,504,1.054795173001564,0.19338736541368712,0.7226972684127116,1.0405385398486735,1.3867101458962106,3.329731849296706,-0.1470782913171082,4.6363537857865404,-0.23356221359027385
local_only_boundary,Random,TargetOnlyRF,6,504,0.8755730004022477,0.1495680901123731,0.6135755184132148,0.8823136692962475,1.1558725944808077,2.728838341562846,0.24369671294677916,3.895679950603678,0.14713951517775664
local_only_boundary,Random,TargetOnlyRF,9,504,0.7843828605279489,0.1462478222751962,0.5399444731193137,0.7727931587474786,1.0716908285194005,2.4105666039975624,0.4058458618575494,3.5356154922130485,0.30063346194898033
local_only_boundary,Random,TargetOnlyRF,12,504,0.7215756776341519,0.14024501540699705,0.511394856612033,0.6935059766188378,1.0265482981218184,2.1782619523497955,0.5115799460308265,3.3051759484004806,0.38814183565962046
local_only_boundary,Random,TargetOnlyRidge,3,504,1.529732245034477,1.9690281519935615,0.6202660863418221,1.0912853499205446,5.146120361949719,4.38377415556031,-2.5514332798267496,7.320782734768594,-12.72352960320655
local_only_boundary,Random,TargetOnlyRidge,6,504,0.9068126176688661,0.32328991886708214,0.5566679886711815,0.8411888040848228,1.626490936957242,2.5333486653762587,0.24792944582116652,4.4272599866566615,-0.25084245383412346
local_only_boundary,Random,TargetOnlyRidge,9,504,0.8003542328921285,0.2333463345599913,0.5140526566667621,0.7427200667322098,1.4860920115258698,2.178355459215311,0.4780016695372277,3.984698768735324,0.01029478818420611
local_only_boundary,Random,TargetOnlyRidge,12,504,0.7037925014071902,0.19076238824280908,0.4846042042986303,0.6657727798937777,1.1676163427546968,1.9607993556027987,0.5843286468471482,3.443276456445738,0.28118620359321317
zero_shot_control,RSGS,NoUpdate,3,504,0.9314829037941326,0.0,0.9314829037941326,0.9314829037941326,0.9314829037941326,1.7944347213231926,0.6789090516640405,5.630657316709836,-0.8727325267586028
zero_shot_control,RSGS,NoUpdate,6,504,0.9347617550331426,0.0,0.9347617550331426,0.9347617550331426,0.9347617550331426,1.8170857334581019,0.6752839972342963,5.6285799812588975,-0.900588349665826
zero_shot_control,RSGS,NoUpdate,9,504,0.9434264977992574,0.0,0.9434264977992574,0.9434264977992574,0.9434264977992574,1.7840338035514185,0.6944705982213262,5.747641638067264,-0.883101895192907
zero_shot_control,RSGS,NoUpdate,12,504,0.9551234793286354,0.0,0.9551234793286354,0.9551234793286354,0.9551234793286354,1.7519425415191505,0.6946889312414462,5.891575569815926,-1.0390002296707506
zero_shot_control,P2-PAM,NoUpdate,3,504,0.9461113327343446,0.0,0.9461113327343446,0.9461113327343446,0.9461113327343446,1.7887832957237542,0.6854798465623031,5.764437599631224,-0.8076930227064423
zero_shot_control,P2-PAM,NoUpdate,6,504,0.9500499257899543,0.0,0.9500499257899543,0.9500499257899543,0.9500499257899543,1.7972188970713165,0.6863483739398862,5.787108687597472,-0.785850081189166
zero_shot_control,P2-PAM,NoUpdate,9,504,0.9660999087475404,0.0,0.9660999087475404,0.9660999087475404,0.9660999087475404,1.8295807334613399,0.6816265677628863,5.882194105358005,-0.8292627695856576
zero_shot_control,P2-PAM,NoUpdate,12,504,0.9568246426354219,0.0,0.9568246426354219,0.9568246426354219,0.9568246426354219,1.7634320623030713,0.7081228425939767,5.890849661530301,-0.8168596390472056
zero_shot_control,Random,NoUpdate,3,504,0.953397276829254,0.012874388285496195,0.9256878223680294,0.9571166824105473,0.9694676527895747,1.7898866229189037,0.6857849765435465,5.825816728013307,-0.8451570592157456
zero_shot_control,Random,NoUpdate,6,504,0.9532422959600444,0.01901354825353929,0.9081353959475262,0.9538609653188721,0.9821323679242611,1.7906514213023035,0.685055598201151,5.823454399323202,-0.8450673465903946
zero_shot_control,Random,NoUpdate,9,504,0.9533056368919915,0.024286705113958154,0.8966211081935656,0.9555231030764761,0.988938257064047,1.7915325068583094,0.6834740110856861,5.822819713713544,-0.845924349149673
zero_shot_control,Random,NoUpdate,12,504,0.9527216608344271,0.028770314243935904,0.8864739694086915,0.955022197929532,0.9993514988323003,1.7908676772605834,0.6818897508148413,5.818672806897556,-0.8497757485921791
