Record_ID,Study_ID,Experiment_ID,Treatment_ID,Stage_Group_std,Initial_BW_kg,DMI_kg_d,Analysis_N_Intake_g_d,Analysis_Diet_CP_pct_DM,Analysis_Diet_EE_pct_DM,Analysis_Diet_NDF_pct_DM,Analysis_Diet_ADF_pct_DM,Analysis_Diet_Starch_pct_DM,Diet_Ash_pct_DM,Analysis_Fecal_N_g_d,Analysis_Urinary_N_g_d,Reference_Control,P2_Source,Starch_imputed_from_906_median,N_to_DMI_g_kg,DMI_per_BW,N_Intake_per_BW,Analysis_Total_N_Excretion_g_d,Analysis_Retained_N_g_d,Data_source,Grain,Renteria2008_mapping_recovered,Source_Notes
SOW119_SOW_037,Yang2021,Yang2021_early_gilt,NP-DF,gestating_sow,143.0,1.9073252,44.1,14.4508655367,5.46411521224,13.5019090819,3.92028027523,55.8605387272,,5.93,19.68,False,SOW_Core_73,False,23.12138485875403,0.0133379384615384,0.3083916083916084,25.61,18.49,SOW80 analysis dataset,treatment_or_stage_mean_not_individual_pig,False,SOW80 P2 row; numerically cross-checked against SOW53/SOW119/SOW144 source authorities where overlapping.
SOW119_SOW_038,Yang2021,Yang2021_early_gilt,NP+DF,gestating_sow,143.0,2.09500297778,44.1,13.1563058823,4.97462044233,19.1446443852,10.4213717819,50.8563540626,,6.83,18.15,False,SOW_Core_73,False,21.05008941167769,0.014650370473986,0.3083916083916084,24.98,19.120000000000005,SOW80 analysis dataset,treatment_or_stage_mean_not_individual_pig,False,SOW80 P2 row; numerically cross-checked against SOW53/SOW119/SOW144 source authorities where overlapping.
SOW119_SOW_039,Yang2021,Yang2021_early_gilt,LP-DF,gestating_sow,143.0,1.9069038,36.56,11.9827754289,5.4988504192,13.2231156391,3.55672543104,61.0454488055,,6.27,15.26,False,SOW_Core_73,False,19.17244068631045,0.0133349916083916,0.2556643356643356,21.53,15.03,SOW80 analysis dataset,treatment_or_stage_mean_not_individual_pig,False,SOW80 P2 row; numerically cross-checked against SOW53/SOW119/SOW144 source authorities where overlapping.
SOW119_SOW_040,Yang2021,Yang2021_early_gilt,LP+DF,gestating_sow,143.0,2.09458157778,36.56,10.9091000525,5.00614484117,18.891966508,10.0916999461,55.5756813366,,5.68,12.57,False,SOW_Core_73,False,17.454560083904262,0.0146474236208391,0.2556643356643356,18.25,18.31,SOW80 analysis dataset,treatment_or_stage_mean_not_individual_pig,False,SOW80 P2 row; numerically cross-checked against SOW53/SOW119/SOW144 source authorities where overlapping.
SOW119_SOW_041,Yang2021,Yang2021_mid_gilt,NP-DF,gestating_sow,143.0,1.9073252,44.1,14.4508655367,5.46411521224,13.5019090819,3.92028027523,55.8605387272,,4.9,21.86,False,SOW_Core_73,False,23.12138485875403,0.0133379384615384,0.3083916083916084,26.76,17.340000000000003,SOW80 analysis dataset,treatment_or_stage_mean_not_individual_pig,False,SOW80 P2 row; numerically cross-checked against SOW53/SOW119/SOW144 source authorities where overlapping.
SOW119_SOW_042,Yang2021,Yang2021_mid_gilt,NP+DF,gestating_sow,143.0,2.09500297778,44.1,13.1563058823,4.97462044233,19.1446443852,10.4213717819,50.8563540626,,6.6,19.12,False,SOW_Core_73,False,21.05008941167769,0.014650370473986,0.3083916083916084,25.72,18.380000000000003,SOW80 analysis dataset,treatment_or_stage_mean_not_individual_pig,False,SOW80 P2 row; numerically cross-checked against SOW53/SOW119/SOW144 source authorities where overlapping.
SOW119_SOW_043,Yang2021,Yang2021_mid_gilt,LP-DF,gestating_sow,143.0,1.9069038,36.56,11.9827754289,5.4988504192,13.2231156391,3.55672543104,61.0454488055,,4.9,17.08,False,SOW_Core_73,False,19.17244068631045,0.0133349916083916,0.2556643356643356,21.98,14.580000000000004,SOW80 analysis dataset,treatment_or_stage_mean_not_individual_pig,False,SOW80 P2 row; numerically cross-checked against SOW53/SOW119/SOW144 source authorities where overlapping.
SOW119_SOW_044,Yang2021,Yang2021_mid_gilt,LP+DF,gestating_sow,143.0,2.09458157778,36.56,10.9091000525,5.00614484117,18.891966508,10.0916999461,55.5756813366,,5.56,12.23,False,SOW_Core_73,False,17.454560083904262,0.0146474236208391,0.2556643356643356,17.79,18.770000000000003,SOW80 analysis dataset,treatment_or_stage_mean_not_individual_pig,False,SOW80 P2 row; numerically cross-checked against SOW53/SOW119/SOW144 source authorities where overlapping.
SOW119_SOW_045,Yang2021,Yang2021_late_gilt,NP-DF,gestating_sow,143.0,2.37750304,54.96,14.4479310529,5.46411521224,13.5019090819,3.92028027523,55.8605387272,,7.88,18.37,False,SOW_Core_73,False,23.11668968465336,0.0166258953846153,0.3843356643356643,26.25,28.71,SOW80 analysis dataset,treatment_or_stage_mean_not_individual_pig,False,SOW80 P2 row; numerically cross-checked against SOW53/SOW119/SOW144 source authorities where overlapping.
SOW119_SOW_046,Yang2021,Yang2021_late_gilt,NP+DF,gestating_sow,143.0,2.61456970667,54.96,13.1379170777,4.96867629686,19.2131665464,10.5003173315,50.7955860964,,8.61,16.6,False,SOW_Core_73,False,21.02066732426072,0.0182837042424475,0.3843356643356643,25.21,29.75,SOW80 analysis dataset,treatment_or_stage_mean_not_individual_pig,False,SOW80 P2 row; numerically cross-checked against SOW53/SOW119/SOW144 source authorities where overlapping.
SOW119_SOW_047,Yang2021,Yang2021_late_gilt,LP-DF,gestating_sow,143.0,2.37697776,45.58,11.9847566432,5.4988504192,13.2231156391,3.55672543104,61.0454488055,,5.65,15.06,False,SOW_Core_73,False,19.175610629188217,0.0166222220979021,0.3187412587412587,20.71,24.87,SOW80 analysis dataset,treatment_or_stage_mean_not_individual_pig,False,SOW80 P2 row; numerically cross-checked against SOW53/SOW119/SOW144 source authorities where overlapping.
SOW119_SOW_048,Yang2021,Yang2021_late_gilt,LP+DF,gestating_sow,143.0,2.61404442667,45.14,10.7926627842,5.00016182535,18.9608044223,10.1710553616,55.5092609291,,6.79,10.89,False,SOW_Core_73,False,17.26826045474036,0.0182800309557342,0.3156643356643356,17.68,27.46,SOW80 analysis dataset,treatment_or_stage_mean_not_individual_pig,False,SOW80 P2 row; numerically cross-checked against SOW53/SOW119/SOW144 source authorities where overlapping.
SOWP2_WISBECH2024_early_0,Wisbech2024_SBP,Wisbech2024_early,HighFiberBlend_0pct,gestating_sow,231.0,2.48757,52.2,13.0830489192,3.24232081911,13.4573827339,3.82254226422,61.5472127418,,9.3,30.6,False,SOW_Core_73,False,20.9843341091909,0.0107687012987012,0.225974025974026,39.900000000000006,12.299999999999995,SOW80 analysis dataset,treatment_or_stage_mean_not_individual_pig,False,SOW80 P2 row; numerically cross-checked against SOW53/SOW119/SOW144 source authorities where overlapping.
SOWP2_WISBECH2024_early_33,Wisbech2024_SBP,Wisbech2024_early,HighFiberBlend_33pct,gestating_sow,224.0,2.52864,53.9,13.3257403189,3.28018223235,15.8685148815,5.24911247301,55.9225512528,,10.5,26.9,False,SOW_Core_73,False,21.315806125031635,0.0112885714285714,0.240625,37.4,16.5,SOW80 analysis dataset,treatment_or_stage_mean_not_individual_pig,False,SOW80 P2 row; numerically cross-checked against SOW53/SOW119/SOW144 source authorities where overlapping.
SOWP2_WISBECH2024_early_67,Wisbech2024_SBP,Wisbech2024_early,HighFiberBlend_67pct,gestating_sow,234.0,2.59592,56.2,13.4549600912,3.32953249715,18.3502945411,6.71748198176,50.1710376283,,11.6,24.3,False,SOW_Core_73,False,21.64935745323431,0.0110936752136752,0.2401709401709401,35.9,20.300000000000004,SOW80 analysis dataset,treatment_or_stage_mean_not_individual_pig,False,SOW80 P2 row; numerically cross-checked against SOW53/SOW119/SOW144 source authorities where overlapping.
SOWP2_WISBECH2024_early_100,Wisbech2024_SBP,Wisbech2024_early,HighFiberBlend_100pct,gestating_sow,227.0,2.69239,58.9,13.6830102623,3.36374002281,20.7567380792,8.14127812826,44.5838084379,,13.1,22.6,False,SOW_Core_73,False,21.87647406207867,0.0118607488986784,0.2594713656387665,35.7,23.2,SOW80 analysis dataset,treatment_or_stage_mean_not_individual_pig,False,SOW80 P2 row; numerically cross-checked against SOW53/SOW119/SOW144 source authorities where overlapping.
SOWP2_WISBECH2024_mid_0,Wisbech2024_SBP,Wisbech2024_mid,HighFiberBlend_0pct,gestating_sow,243.51,1.86348,39.0,13.0830489192,3.24232081911,13.4573827339,3.82254226422,61.5472127418,,7.0,20.4,False,SOW_Core_73,False,20.92858522763861,0.0076525810028335,0.1601576937292103,27.4,11.6,SOW80 analysis dataset,treatment_or_stage_mean_not_individual_pig,False,SOW80 P2 row; numerically cross-checked against SOW53/SOW119/SOW144 source authorities where overlapping.
SOWP2_WISBECH2024_mid_33,Wisbech2024_SBP,Wisbech2024_mid,HighFiberBlend_33pct,gestating_sow,238.34,1.87014,39.7,13.3257403189,3.28018223235,15.8685148815,5.24911247301,55.9225512528,,7.5,23.0,False,SOW_Core_73,False,21.2283572352872,0.0078465217756146,0.1665687673072082,30.5,9.200000000000005,SOW80 analysis dataset,treatment_or_stage_mean_not_individual_pig,False,SOW80 P2 row; numerically cross-checked against SOW53/SOW119/SOW144 source authorities where overlapping.
SOWP2_WISBECH2024_mid_67,Wisbech2024_SBP,Wisbech2024_mid,HighFiberBlend_67pct,gestating_sow,255.15,1.88555,40.8,13.4549600912,3.32953249715,18.3502945411,6.71748198176,50.1710376283,,8.4,18.5,False,SOW_Core_73,False,21.63824878682612,0.0073899666862629,0.1599059376837154,26.9,13.9,SOW80 analysis dataset,treatment_or_stage_mean_not_individual_pig,False,SOW80 P2 row; numerically cross-checked against SOW53/SOW119/SOW144 source authorities where overlapping.
SOWP2_WISBECH2024_mid_100,Wisbech2024_SBP,Wisbech2024_mid,HighFiberBlend_100pct,gestating_sow,244.88,1.91186,41.8,13.6830102623,3.36374002281,20.7567380792,8.14127812826,44.5838084379,,8.9,23.8,False,SOW_Core_73,False,21.863525571956107,0.0078073342045083,0.1706958510290754,32.7,9.099999999999994,SOW80 analysis dataset,treatment_or_stage_mean_not_individual_pig,False,SOW80 P2 row; numerically cross-checked against SOW53/SOW119/SOW144 source authorities where overlapping.
SOWP2_WANG2022_mid_Corn,Wang2022_SBM_Sources,Wang2022_mid,Corn,gestating_sow,230.3,2.64,37.87,8.97,2.46,10.29,1.4,69.1881518987,,5.4,16.95,True,SOW_Core_73,False,14.344696969696969,0.0114633087277464,0.1644376899696048,22.35,15.519999999999996,SOW80 analysis dataset,treatment_or_stage_mean_not_individual_pig,False,SOW80 P2 row; numerically cross-checked against SOW53/SOW119/SOW144 source authorities where overlapping.
SOWP2_WANG2022_mid_SBM1,Wang2022_SBM_Sources,Wang2022_mid,SBM1,gestating_sow,230.3,2.56,76.18,18.6,1.6,9.65,1.66,51.1770855248,,8.05,36.4,False,SOW_Core_73,False,29.757812500000004,0.0111159357359965,0.3307859313938341,44.45,31.730000000000004,SOW80 analysis dataset,treatment_or_stage_mean_not_individual_pig,False,SOW80 P2 row; numerically cross-checked against SOW53/SOW119/SOW144 source authorities where overlapping.
SOWP2_WANG2022_mid_SBM2,Wang2022_SBM_Sources,Wang2022_mid,SBM2,gestating_sow,230.3,2.6,78.7,18.92,1.58,9.84,1.68,50.7304533605,,8.06,37.06,False,SOW_Core_73,False,30.26923076923077,0.0112896222318714,0.3417281806339557,45.120000000000005,33.58,SOW80 analysis dataset,treatment_or_stage_mean_not_individual_pig,False,SOW80 P2 row; numerically cross-checked against SOW53/SOW119/SOW144 source authorities where overlapping.
SOWP2_WANG2022_mid_SBM3,Wang2022_SBM_Sources,Wang2022_mid,SBM3,gestating_sow,230.3,2.64,78.73,18.63,1.73,10.01,1.81,50.6672843559,,8.16,37.56,False,SOW_Core_73,False,29.821969696969692,0.0114633087277464,0.3418584455058619,45.72,33.010000000000005,SOW80 analysis dataset,treatment_or_stage_mean_not_individual_pig,False,SOW80 P2 row; numerically cross-checked against SOW53/SOW119/SOW144 source authorities where overlapping.
SOWP2_WANG2022_mid_SBM4,Wang2022_SBM_Sources,Wang2022_mid,SBM4,gestating_sow,230.3,2.73,85.92,19.68,1.15,9.11,1.15,50.9556910291,,7.51,36.74,False,SOW_Core_73,False,31.472527472527474,0.011854103343465,0.3730785931393834,44.25,41.67,SOW80 analysis dataset,treatment_or_stage_mean_not_individual_pig,False,SOW80 P2 row; numerically cross-checked against SOW53/SOW119/SOW144 source authorities where overlapping.
SOWP2_WANG2022_mid_SBM5,Wang2022_SBM_Sources,Wang2022_mid,SBM5,gestating_sow,230.3,2.76,85.04,19.27,1.54,10.27,2.84,50.9035357671,,8.7,40.48,False,SOW_Core_73,False,30.811594202898554,0.0119843682153712,0.3692574902301346,49.17999999999999,35.860000000000014,SOW80 analysis dataset,treatment_or_stage_mean_not_individual_pig,False,SOW80 P2 row; numerically cross-checked against SOW53/SOW119/SOW144 source authorities where overlapping.
SOWP2_WANG2022_mid_SBM6,Wang2022_SBM_Sources,Wang2022_mid,SBM6,gestating_sow,230.3,2.59,80.38,19.42,1.51,11.8,2.73,51.2180787275,,7.3,36.61,False,SOW_Core_73,False,31.034749034749037,0.0112462006079027,0.3490230134607034,43.91,36.47,SOW80 analysis dataset,treatment_or_stage_mean_not_individual_pig,False,SOW80 P2 row; numerically cross-checked against SOW53/SOW119/SOW144 source authorities where overlapping.
SOWP2_WANG2022_mid_SBM7,Wang2022_SBM_Sources,Wang2022_mid,SBM7,gestating_sow,230.3,2.67,85.49,20.01,2.05,10.66,2.4,51.0661483172,,8.28,36.95,False,SOW_Core_73,False,32.0187265917603,0.0115935735996526,0.3712114633087277,45.23,40.25999999999999,SOW80 analysis dataset,treatment_or_stage_mean_not_individual_pig,False,SOW80 P2 row; numerically cross-checked against SOW53/SOW119/SOW144 source authorities where overlapping.
SOWP2_WANG2022_mid_SBM8,Wang2022_SBM_Sources,Wang2022_mid,SBM8,gestating_sow,230.3,2.61,81.64,19.57,1.62,9.95,2.51,51.2708808706,,7.26,35.75,False,SOW_Core_73,False,31.27969348659004,0.0113330438558402,0.3544941380807642,43.01,38.63,SOW80 analysis dataset,treatment_or_stage_mean_not_individual_pig,False,SOW80 P2 row; numerically cross-checked against SOW53/SOW119/SOW144 source authorities where overlapping.
SOWP2_WANG2022_mid_SBM9,Wang2022_SBM_Sources,Wang2022_mid,SBM9,gestating_sow,230.3,2.66,79.88,18.78,1.7,12.76,3.64,50.7362038087,,7.98,35.9,False,SOW_Core_73,False,30.03007518796992,0.0115501519756838,0.3468519322622665,43.88,36.0,SOW80 analysis dataset,treatment_or_stage_mean_not_individual_pig,False,SOW80 P2 row; numerically cross-checked against SOW53/SOW119/SOW144 source authorities where overlapping.
SOWP2_WANG2022_mid_SBM10,Wang2022_SBM_Sources,Wang2022_mid,SBM10,gestating_sow,230.3,2.66,81.49,19.17,1.95,12.28,3.4,51.3827103662,,8.2,37.09,False,SOW_Core_73,False,30.635338345864657,0.0115501519756838,0.3538428137212331,45.290000000000006,36.19999999999999,SOW80 analysis dataset,treatment_or_stage_mean_not_individual_pig,False,SOW80 P2 row; numerically cross-checked against SOW53/SOW119/SOW144 source authorities where overlapping.
SOWP2_WANG2022_mid_SBM11,Wang2022_SBM_Sources,Wang2022_mid,SBM11,gestating_sow,230.3,2.67,80.32,18.83,1.71,11.39,3.03,50.9847123818,,7.83,37.09,False,SOW_Core_73,False,30.08239700374532,0.0115935735996526,0.3487624837168909,44.92,35.39999999999999,SOW80 analysis dataset,treatment_or_stage_mean_not_individual_pig,False,SOW80 P2 row; numerically cross-checked against SOW53/SOW119/SOW144 source authorities where overlapping.
SOWP2_WANG2022_late_Corn,Wang2022_SBM_Sources,Wang2022_late,Corn,gestating_sow,238.8,2.65,37.92,8.97,2.46,10.29,1.4,69.1881518987,,5.65,15.57,True,SOW_Core_73,False,14.309433962264151,0.0110971524288107,0.1587939698492462,21.22,16.700000000000003,SOW80 analysis dataset,treatment_or_stage_mean_not_individual_pig,False,SOW80 P2 row; numerically cross-checked against SOW53/SOW119/SOW144 source authorities where overlapping.
SOWP2_WANG2022_late_SBM1,Wang2022_SBM_Sources,Wang2022_late,SBM1,gestating_sow,238.8,2.56,76.09,18.6,1.6,9.65,1.66,51.1770855248,,8.39,31.06,False,SOW_Core_73,False,29.72265625,0.0107202680067001,0.3186348408710218,39.45,36.64,SOW80 analysis dataset,treatment_or_stage_mean_not_individual_pig,False,SOW80 P2 row; numerically cross-checked against SOW53/SOW119/SOW144 source authorities where overlapping.
SOWP2_WANG2022_late_SBM2,Wang2022_SBM_Sources,Wang2022_late,SBM2,gestating_sow,238.8,2.59,78.44,18.92,1.58,9.84,1.68,50.7304533605,,8.44,31.69,False,SOW_Core_73,False,30.28571428571429,0.0108458961474036,0.3284757118927973,40.13,38.31,SOW80 analysis dataset,treatment_or_stage_mean_not_individual_pig,False,SOW80 P2 row; numerically cross-checked against SOW53/SOW119/SOW144 source authorities where overlapping.
SOWP2_WANG2022_late_SBM3,Wang2022_SBM_Sources,Wang2022_late,SBM3,gestating_sow,238.8,2.59,77.33,18.63,1.73,10.01,1.81,50.6672843559,,8.29,31.58,False,SOW_Core_73,False,29.857142857142858,0.0108458961474036,0.3238274706867671,39.87,37.46,SOW80 analysis dataset,treatment_or_stage_mean_not_individual_pig,False,SOW80 P2 row; numerically cross-checked against SOW53/SOW119/SOW144 source authorities where overlapping.
SOWP2_WANG2022_late_SBM4,Wang2022_SBM_Sources,Wang2022_late,SBM4,gestating_sow,238.8,2.67,83.4,19.68,1.15,9.11,1.15,50.9556910291,,7.51,29.39,False,SOW_Core_73,False,31.23595505617978,0.011180904522613,0.3492462311557789,36.9,46.50000000000001,SOW80 analysis dataset,treatment_or_stage_mean_not_individual_pig,False,SOW80 P2 row; numerically cross-checked against SOW53/SOW119/SOW144 source authorities where overlapping.
SOWP2_WANG2022_late_SBM5,Wang2022_SBM_Sources,Wang2022_late,SBM5,gestating_sow,238.8,2.74,84.58,19.27,1.54,10.27,2.84,50.9035357671,,8.75,34.05,False,SOW_Core_73,False,30.86861313868613,0.0114740368509212,0.3541876046901172,42.8,41.78,SOW80 analysis dataset,treatment_or_stage_mean_not_individual_pig,False,SOW80 P2 row; numerically cross-checked against SOW53/SOW119/SOW144 source authorities where overlapping.
SOWP2_WANG2022_late_SBM6,Wang2022_SBM_Sources,Wang2022_late,SBM6,gestating_sow,238.8,2.76,85.72,19.42,1.51,11.8,2.73,51.2180787275,,8.71,29.53,False,SOW_Core_73,False,31.057971014492757,0.0115577889447236,0.3589614740368509,38.24,47.48,SOW80 analysis dataset,treatment_or_stage_mean_not_individual_pig,False,SOW80 P2 row; numerically cross-checked against SOW53/SOW119/SOW144 source authorities where overlapping.
SOWP2_WANG2022_late_SBM7,Wang2022_SBM_Sources,Wang2022_late,SBM7,gestating_sow,238.8,2.74,87.65,20.01,2.05,10.66,2.4,51.0661483172,,8.75,31.94,False,SOW_Core_73,False,31.98905109489051,0.0114740368509212,0.3670435510887772,40.69,46.96000000000001,SOW80 analysis dataset,treatment_or_stage_mean_not_individual_pig,False,SOW80 P2 row; numerically cross-checked against SOW53/SOW119/SOW144 source authorities where overlapping.
SOWP2_WANG2022_late_SBM8,Wang2022_SBM_Sources,Wang2022_late,SBM8,gestating_sow,238.8,2.72,85.11,19.57,1.62,9.95,2.51,51.2708808706,,8.43,29.93,False,SOW_Core_73,False,31.290441176470587,0.0113902847571189,0.3564070351758794,38.36,46.75,SOW80 analysis dataset,treatment_or_stage_mean_not_individual_pig,False,SOW80 P2 row; numerically cross-checked against SOW53/SOW119/SOW144 source authorities where overlapping.
SOWP2_WANG2022_late_SBM9,Wang2022_SBM_Sources,Wang2022_late,SBM9,gestating_sow,238.8,2.73,82.0,18.78,1.7,12.76,3.64,50.7362038087,,8.4,28.65,False,SOW_Core_73,False,30.03663003663004,0.0114321608040201,0.3433835845896147,37.05,44.95,SOW80 analysis dataset,treatment_or_stage_mean_not_individual_pig,False,SOW80 P2 row; numerically cross-checked against SOW53/SOW119/SOW144 source authorities where overlapping.
SOWP2_WANG2022_late_SBM10,Wang2022_SBM_Sources,Wang2022_late,SBM10,gestating_sow,238.8,2.67,81.94,19.17,1.95,12.28,3.4,51.3827103662,,8.38,30.4,False,SOW_Core_73,False,30.689138576779023,0.011180904522613,0.3431323283082076,38.78,43.16,SOW80 analysis dataset,treatment_or_stage_mean_not_individual_pig,False,SOW80 P2 row; numerically cross-checked against SOW53/SOW119/SOW144 source authorities where overlapping.
SOWP2_WANG2022_late_SBM11,Wang2022_SBM_Sources,Wang2022_late,SBM11,gestating_sow,238.8,2.7,81.29,18.83,1.71,11.39,3.03,50.9847123818,,8.42,32.41,False,SOW_Core_73,False,30.107407407407408,0.0113065326633165,0.3404103852596315,40.83,40.46000000000001,SOW80 analysis dataset,treatment_or_stage_mean_not_individual_pig,False,SOW80 P2 row; numerically cross-checked against SOW53/SOW119/SOW144 source authorities where overlapping.
SOWP2_WANG2025_Exp1_Substitution_Basal,Wang2025_SBM_NE,Exp1_Substitution,Basal,gestating_sow,221.2,2.26860388836,43.0,11.8464929633,1.6729780139,8.99790877748,2.32860453287,63.7411688238,,6.3,20.0,True,SOW_Core_73,False,18.95438874129992,0.010255894612839,0.1943942133815551,26.3,16.7,SOW80 analysis dataset,treatment_or_stage_mean_not_individual_pig,False,SOW80 P2 row; numerically cross-checked against SOW53/SOW119/SOW144 source authorities where overlapping.
SOWP2_WANG2025_Exp1_Substitution_SBM15,Wang2025_SBM_NE,Exp1_Substitution,SBM15,gestating_sow,221.2,2.21459496932,63.5,17.9208842022,1.4887078129,10.4886232272,3.38342684749,54.4234217724,,7.2,26.7,False,SOW_Core_73,False,28.673414723550067,0.0100117313260397,0.2870705244122966,33.9,29.6,SOW80 analysis dataset,treatment_or_stage_mean_not_individual_pig,False,SOW80 P2 row; numerically cross-checked against SOW53/SOW119/SOW144 source authorities where overlapping.
SOWP2_WANG2025_Exp1_Substitution_SBM30,Wang2025_SBM_NE,Exp1_Substitution,SBM30,gestating_sow,221.2,2.18890299321,81.3,23.2136829076,1.31652976257,10.7122763587,4.00585124339,45.1481377293,,8.4,45.5,False,SOW_Core_73,False,37.141892652252494,0.0098955831519439,0.3675406871609403,53.9,27.4,SOW80 analysis dataset,treatment_or_stage_mean_not_individual_pig,False,SOW80 P2 row; numerically cross-checked against SOW53/SOW119/SOW144 source authorities where overlapping.
SOWP2_WANG2025_Exp2_Sources_Basal,Wang2025_SBM_NE,Exp2_Sources,Basal,gestating_sow,209.0,2.11012530193,39.5,11.6995421918,1.6842819194,9.33702594246,2.11383032838,63.7411688238,,5.0,10.1,True,SOW_Core_73,False,18.71926750694464,0.0100962933106698,0.1889952153110047,15.1,24.4,SOW80 analysis dataset,treatment_or_stage_mean_not_individual_pig,False,SOW80 P2 row; numerically cross-checked against SOW53/SOW119/SOW144 source authorities where overlapping.
SOWP2_WANG2025_Exp2_Sources_SBM2,Wang2025_SBM_NE,Exp2_Sources,SBM2,gestating_sow,209.0,2.08700277733,58.9,17.6389319649,2.04133419799,10.3758423323,2.61651676206,54.4234217724,,6.8,16.7,False,SOW_Core_73,False,28.222291143931063,0.0099856592216746,0.2818181818181818,23.5,35.4,SOW80 analysis dataset,treatment_or_stage_mean_not_individual_pig,False,SOW80 P2 row; numerically cross-checked against SOW53/SOW119/SOW144 source authorities where overlapping.
SOWP2_WANG2025_Exp2_Sources_SBM3,Wang2025_SBM_NE,Exp2_Sources,SBM3,gestating_sow,209.0,2.01517045455,59.2,18.3607296924,1.8834409451,10.5675698537,2.79696619393,54.4234217724,,6.5,25.1,False,SOW_Core_73,False,29.37716750775791,0.0096419638973684,0.2832535885167464,31.6,27.6,SOW80 analysis dataset,treatment_or_stage_mean_not_individual_pig,False,SOW80 P2 row; numerically cross-checked against SOW53/SOW119/SOW144 source authorities where overlapping.
SOWP2_WANG2025_Exp2_Sources_SBM4,Wang2025_SBM_NE,Exp2_Sources,SBM4,gestating_sow,209.0,2.05441823371,55.2,16.7930752531,1.98494375053,10.736741196,3.20297741563,54.4234217724,,6.6,15.6,False,SOW_Core_73,False,26.86892040493445,0.0098297523144019,0.2641148325358852,22.2,33.0,SOW80 analysis dataset,treatment_or_stage_mean_not_individual_pig,False,SOW80 P2 row; numerically cross-checked against SOW53/SOW119/SOW144 source authorities where overlapping.
SOWP2_WANG2025_Exp2_Sources_SBM5,Wang2025_SBM_NE,Exp2_Sources,SBM5,gestating_sow,209.0,2.03949147727,58.7,17.9885527392,1.49998590239,9.82321594722,2.84207855189,54.4234217724,,5.7,16.2,False,SOW_Core_73,False,28.781684382704068,0.0097583324271291,0.2808612440191387,21.9,36.8,SOW80 analysis dataset,treatment_or_stage_mean_not_individual_pig,False,SOW80 P2 row; numerically cross-checked against SOW53/SOW119/SOW144 source authorities where overlapping.
SOWP2_WANG2025_Exp2_Sources_SBM6,Wang2025_SBM_NE,Exp2_Sources,SBM6,gestating_sow,209.0,2.05181591989,56.5,17.2103645642,1.60148870781,10.2179490794,2.79696619393,54.4234217724,,7.0,12.2,False,SOW_Core_73,False,27.536583302769685,0.0098173010521052,0.2703349282296651,19.2,37.3,SOW80 analysis dataset,treatment_or_stage_mean_not_individual_pig,False,SOW80 P2 row; numerically cross-checked against SOW53/SOW119/SOW144 source authorities where overlapping.
SOWP2_RENTERIA2008_C,Renteria2008_Fiber,Renteria2008_wk5_10_14_diet_mean,C_Corn_SBM,gestating_sow,161.6,1.6358370000000002,36.4,13.927732408546817,4.083230786441436,10.26960510124175,3.4120147667524328,58.44054144758922,,5.0,12.5,False,SOW_Core_73,False,22.25160575289592,0.0101227537128712,0.2252475247524752,17.5,18.9,SOW80 analysis dataset,treatment_or_stage_mean_not_individual_pig,True,Routine-P2 mapping recovered from the study source table and cross-checked against the published formula and prior SOW80 analysis.
SOWP2_RENTERIA2008_HS,Renteria2008_Fiber,Renteria2008_wk5_10_14_diet_mean,HS_OatBran,gestating_sow,173.5,1.676268,36.0,13.420348058902276,5.008924587237841,13.978134761267292,2.197679607318161,54.32842481035252,,4.9,15.1,False,SOW_Core_73,False,21.476279449348198,0.0096614870317002,0.207492795389049,20.0,16.0,SOW80 analysis dataset,treatment_or_stage_mean_not_individual_pig,True,Routine-P2 mapping recovered from the study source table and cross-checked against the published formula and prior SOW80 analysis.
SOWP2_RENTERIA2008_HIS,Renteria2008_Fiber,Renteria2008_wk5_10_14_diet_mean,HIS_WheatStraw,gestating_sow,169.4,1.752044,38.6,13.83823693925495,3.8147443785658353,20.102919789685647,10.079427228996533,50.45307081329008,,6.6,16.0,False,SOW_Core_73,False,22.031410170064223,0.0103426446280991,0.2278630460448642,22.6,16.0,SOW80 analysis dataset,treatment_or_stage_mean_not_individual_pig,True,Routine-P2 mapping recovered from the study source table and cross-checked against the published formula and prior SOW80 analysis.
SOWP2_RENTERIA2008_HSPLUSHIS,Renteria2008_Fiber,Renteria2008_wk5_10_14_diet_mean,HS_HIS_SugarBeetPulp,gestating_sow,162.7,1.721856,37.1,13.503568242640496,3.5124888492417483,17.45093666369313,8.218108831400535,47.9371097234612,,6.3,12.9,False,SOW_Core_73,False,21.54651724650609,0.0105830116779348,0.2280270436385986,19.2,17.900000000000002,SOW80 analysis dataset,treatment_or_stage_mean_not_individual_pig,True,Routine-P2 mapping recovered from the study source table and cross-checked against the published formula and prior SOW80 analysis.
SOWP2_YU2026_BARLEY_BASAL,Yu2026_BarleySources,Yu2026_Barley_Youden,Basal,gestating_sow,215.78,2.11,48.28,13.74,3.24,9.5,3.52,49.345661923276495,3.88,7.58,12.650000000000002,True,source_table_144,True,22.881516587677726,0.0097784780795254,0.2237464083789044,20.230000000000004,28.05,SOW80 analysis dataset,treatment_or_stage_mean_not_individual_pig,False,SOW80 P2 row; starch was unavailable in source_table_144 and was filled without outcome information using the 906-record training median (49.345661923276% DM).
SOWP2_YU2026_BARLEY_01,Yu2026_BarleySources,Yu2026_Barley_Youden,BL-1,gestating_sow,235.13,2.21,49.87,14.1,2.87,12.6,4.03,49.345661923276495,3.81,8.52,13.619999999999994,False,source_table_144,True,22.565610859728505,0.0093990558414494,0.2120954365670054,22.139999999999997,27.730000000000004,SOW80 analysis dataset,treatment_or_stage_mean_not_individual_pig,False,SOW80 P2 row; starch was unavailable in source_table_144 and was filled without outcome information using the 906-record training median (49.345661923276% DM).
SOWP2_YU2026_BARLEY_02,Yu2026_BarleySources,Yu2026_Barley_Youden,BL-2,gestating_sow,235.13,2.3,51.71,14.06,2.9,13.33,3.96,49.345661923276495,3.95,9.76,18.040000000000003,False,source_table_144,True,22.48260869565217,0.0097818228214179,0.2199208948241398,27.800000000000004,23.91,SOW80 analysis dataset,treatment_or_stage_mean_not_individual_pig,False,SOW80 P2 row; starch was unavailable in source_table_144 and was filled without outcome information using the 906-record training median (49.345661923276% DM).
SOWP2_YU2026_BARLEY_03,Yu2026_BarleySources,Yu2026_Barley_Youden,BL-3,gestating_sow,226.83,2.22,52.44,14.78,2.7,12.74,3.64,49.345661923276495,4.22,9.49,16.139999999999997,False,source_table_144,True,23.621621621621617,0.0097870652030154,0.2311863510117709,25.629999999999995,26.81,SOW80 analysis dataset,treatment_or_stage_mean_not_individual_pig,False,SOW80 P2 row; starch was unavailable in source_table_144 and was filled without outcome information using the 906-record training median (49.345661923276% DM).
SOWP2_YU2026_BARLEY_04,Yu2026_BarleySources,Yu2026_Barley_Youden,BL-4,gestating_sow,227.07,2.08,47.32,14.2,2.59,13.14,3.94,49.345661923276495,4.13,8.5,12.73,False,source_table_144,True,22.75,0.0091601708724181,0.208393887347514,21.23,26.09,SOW80 analysis dataset,treatment_or_stage_mean_not_individual_pig,False,SOW80 P2 row; starch was unavailable in source_table_144 and was filled without outcome information using the 906-record training median (49.345661923276% DM).
SOWP2_YU2026_BARLEY_05,Yu2026_BarleySources,Yu2026_Barley_Youden,BL-5,gestating_sow,221.8,2.13,47.16,13.83,2.65,13.92,4.52,49.345661923276495,3.77,8.69,14.13,False,source_table_144,True,22.140845070422536,0.0096032461677186,0.2126239855725878,22.82,24.34,SOW80 analysis dataset,treatment_or_stage_mean_not_individual_pig,False,SOW80 P2 row; starch was unavailable in source_table_144 and was filled without outcome information using the 906-record training median (49.345661923276% DM).
SOWP2_YU2026_BARLEY_06,Yu2026_BarleySources,Yu2026_Barley_Youden,BL-6,gestating_sow,188.13,1.86,42.81,14.35,2.8,12.03,3.66,49.345661923276495,3.88,9.93,4.650000000000002,False,source_table_144,True,23.016129032258064,0.0098867804177962,0.2275554138095997,14.580000000000002,28.23,SOW80 analysis dataset,treatment_or_stage_mean_not_individual_pig,False,SOW80 P2 row; starch was unavailable in source_table_144 and was filled without outcome information using the 906-record training median (49.345661923276% DM).
SOWP2_YU2026_BARLEY_07,Yu2026_BarleySources,Yu2026_Barley_Youden,BL-7,gestating_sow,194.3,1.9,45.11,14.83,2.87,11.15,3.25,49.345661923276495,3.99,9.12,7.520000000000003,False,source_table_144,True,23.742105263157896,0.0097786927431806,0.2321667524446731,16.64,28.47,SOW80 analysis dataset,treatment_or_stage_mean_not_individual_pig,False,SOW80 P2 row; starch was unavailable in source_table_144 and was filled without outcome information using the 906-record training median (49.345661923276% DM).
SOWP2_YU2026_BARLEY_08,Yu2026_BarleySources,Yu2026_Barley_Youden,BL-8,gestating_sow,192.17,1.91,43.79,14.34,3.0,13.5,3.92,49.345661923276495,4.0,9.44,7.620000000000001,False,source_table_144,True,22.926701570680628,0.0099391164073476,0.2278711557475152,17.060000000000002,26.73,SOW80 analysis dataset,treatment_or_stage_mean_not_individual_pig,False,SOW80 P2 row; starch was unavailable in source_table_144 and was filled without outcome information using the 906-record training median (49.345661923276% DM).
SOWP2_YU2026_BARLEY_09,Yu2026_BarleySources,Yu2026_Barley_Youden,BL-9,gestating_sow,202.2,1.99,45.47,14.26,2.77,13.11,3.8,49.345661923276495,4.13,9.63,9.119999999999996,False,source_table_144,True,22.849246231155774,0.0098417408506429,0.2248763600395648,18.75,26.72,SOW80 analysis dataset,treatment_or_stage_mean_not_individual_pig,False,SOW80 P2 row; starch was unavailable in source_table_144 and was filled without outcome information using the 906-record training median (49.345661923276% DM).
SOWP2_YU2026_BARLEY_10,Yu2026_BarleySources,Yu2026_Barley_Youden,BL-10,gestating_sow,199.53,1.98,44.32,13.99,2.36,12.83,3.85,49.345661923276495,3.28,8.52,9.479999999999997,False,source_table_144,True,22.383838383838384,0.0099233198015336,0.2221219866686714,17.999999999999996,26.320000000000004,SOW80 analysis dataset,treatment_or_stage_mean_not_individual_pig,False,SOW80 P2 row; starch was unavailable in source_table_144 and was filled without outcome information using the 906-record training median (49.345661923276% DM).
SOWP2_ZHANG2025_DDGS_BASAL,Zhang2025_DDGS,Zhang2025_Exp2_DDGS_sources,Basal-2,gestating_sow,225.4,2.22,40.83,11.41,3.28,12.16,3.69,49.345661923276495,3.97,6.56,18.21,True,source_table_144,True,18.39189189189189,0.009849157054126,0.1811446317657497,24.77,16.06,SOW80 analysis dataset,treatment_or_stage_mean_not_individual_pig,False,SOW80 P2 row; starch was unavailable in source_table_144 and was filled without outcome information using the 906-record training median (49.345661923276% DM).
SOWP2_ZHANG2025_DDGS_J1,Zhang2025_DDGS,Zhang2025_Exp2_DDGS_sources,J1-D1,gestating_sow,225.4,2.13,60.6,17.79,3.29,19.43,5.54,49.345661923276495,4.96,7.43,27.93,False,source_table_144,True,28.45070422535212,0.009449866903283,0.2688553682342502,35.36,25.24,SOW80 analysis dataset,treatment_or_stage_mean_not_individual_pig,False,SOW80 P2 row; starch was unavailable in source_table_144 and was filled without outcome information using the 906-record training median (49.345661923276% DM).
SOWP2_ZHANG2025_DDGS_J2,Zhang2025_DDGS,Zhang2025_Exp2_DDGS_sources,J2-D2,gestating_sow,225.4,2.09,56.31,16.52,5.94,19.44,6.36,49.345661923276495,5.2,9.58,20.67,False,source_table_144,True,26.942583732057415,0.0092724046140195,0.2498225377107364,30.25,26.06,SOW80 analysis dataset,treatment_or_stage_mean_not_individual_pig,False,SOW80 P2 row; starch was unavailable in source_table_144 and was filled without outcome information using the 906-record training median (49.345661923276% DM).
SOWP2_ZHANG2025_DDGS_N3,Zhang2025_DDGS,Zhang2025_Exp2_DDGS_sources,N3-D3,gestating_sow,225.4,2.22,61.72,17.68,4.84,18.86,6.01,49.345661923276495,4.99,8.12,33.27,False,source_table_144,True,27.8018018018018,0.009849157054126,0.2738243123336291,41.39,20.33,SOW80 analysis dataset,treatment_or_stage_mean_not_individual_pig,False,SOW80 P2 row; starch was unavailable in source_table_144 and was filled without outcome information using the 906-record training median (49.345661923276% DM).
SOWP2_ZHANG2025_DDGS_X4,Zhang2025_DDGS,Zhang2025_Exp2_DDGS_sources,X4-D4,gestating_sow,225.4,2.3,59.82,16.44,5.37,19.84,4.6,49.345661923276495,4.89,8.11,25.92,False,source_table_144,True,26.00869565217392,0.010204081632653,0.2653948535936113,34.03,25.79,SOW80 analysis dataset,treatment_or_stage_mean_not_individual_pig,False,SOW80 P2 row; starch was unavailable in source_table_144 and was filled without outcome information using the 906-record training median (49.345661923276% DM).
SOWP2_ZHANG2025_DDGS_C5,Zhang2025_DDGS,Zhang2025_Exp2_DDGS_sources,C5-D5,gestating_sow,225.4,2.13,56.67,16.6,5.71,17.62,4.26,49.345661923276495,4.8,6.51,18.73,False,source_table_144,True,26.605633802816904,0.009449866903283,0.2514196983141082,25.24,31.43,SOW80 analysis dataset,treatment_or_stage_mean_not_individual_pig,False,SOW80 P2 row; starch was unavailable in source_table_144 and was filled without outcome information using the 906-record training median (49.345661923276% DM).
SOWP2_XU2023_WB0,Xu2023_WheatBran,Xu2023_WheatBran_Youden,WB0,gestating_sow,206.8,1.7,59.1,16.384180790960453,1.4689265536723164,9.717514124293784,3.2768361581920904,49.345661923276495,4.293785310734463,5.1,32.0,True,source_table_144,True,34.76470588235294,0.0082205029013539,0.2857833655705996,37.1,22.0,SOW80 analysis dataset,treatment_or_stage_mean_not_individual_pig,False,SOW80 P2 row; starch was unavailable in source_table_144 and was filled without outcome information using the 906-record training median (49.345661923276% DM).
SOWP2_XU2023_WB10,Xu2023_WheatBran,Xu2023_WheatBran_Youden,WB10,gestating_sow,217.0,1.86,65.0,16.194790486976217,1.9252548131370328,12.797281993204985,4.077010192525481,49.345661923276495,4.530011325028313,6.1,31.6,False,source_table_144,True,34.946236559139784,0.0085714285714285,0.2995391705069124,37.7,27.3,SOW80 analysis dataset,treatment_or_stage_mean_not_individual_pig,False,SOW80 P2 row; starch was unavailable in source_table_144 and was filled without outcome information using the 906-record training median (49.345661923276% DM).
SOWP2_XU2023_WB20,Xu2023_WheatBran,Xu2023_WheatBran_Youden,WB20,gestating_sow,202.7,1.8,63.5,16.817155756207676,2.595936794582393,15.23702031602709,4.740406320541761,49.345661923276495,4.740406320541761,6.9,31.5,False,source_table_144,True,35.27777777777778,0.0088801184015786,0.3132708436112482,38.4,25.1,SOW80 analysis dataset,treatment_or_stage_mean_not_individual_pig,False,SOW80 P2 row; starch was unavailable in source_table_144 and was filled without outcome information using the 906-record training median (49.345661923276% DM).
SOWP2_XU2023_WB30,Xu2023_WheatBran,Xu2023_WheatBran_Youden,WB30,gestating_sow,214.4,1.91,67.7,17.13641488162345,1.916572717023676,20.63134160090192,5.749718151071026,49.345661923276495,5.0732807215332585,8.2,31.1,False,source_table_144,True,35.44502617801047,0.0089085820895522,0.3157649253731343,39.3,28.40000000000001,SOW80 analysis dataset,treatment_or_stage_mean_not_individual_pig,False,SOW80 P2 row; starch was unavailable in source_table_144 and was filled without outcome information using the 906-record training median (49.345661923276% DM).
SOWP2_XU2023_WB40,Xu2023_WheatBran,Xu2023_WheatBran_Youden,WB40,gestating_sow,207.7,1.98,57.8,17.435320584926885,2.4746906636670416,22.15973003374578,6.749156355455568,49.345661923276495,5.286839145106862,9.4,32.0,False,source_table_144,True,29.19191919191919,0.0095329802599903,0.2782859894077997,41.4,16.4,SOW80 analysis dataset,treatment_or_stage_mean_not_individual_pig,False,SOW80 P2 row; starch was unavailable in source_table_144 and was filled without outcome information using the 906-record training median (49.345661923276% DM).
SOWP2_XU2023_WB50,Xu2023_WheatBran,Xu2023_WheatBran_Youden,WB50,gestating_sow,217.4,2.08,63.8,17.640449438202246,2.696629213483146,24.382022471910112,7.415730337078651,49.345661923276495,5.617977528089887,11.1,31.6,False,source_table_144,True,30.67307692307692,0.0095676172953081,0.2934682612695492,42.7,21.099999999999994,SOW80 analysis dataset,treatment_or_stage_mean_not_individual_pig,False,SOW80 P2 row; starch was unavailable in source_table_144 and was filled without outcome information using the 906-record training median (49.345661923276% DM).
