Architecture,Method,Budget,n_realizations,Primary_mean,Primary_SD,Primary_q025,Primary_median,Primary_q975,FN_RMSE_mean,FN_MAE_mean,FN_Bias_mean,FN_R2_mean,UN_RMSE_mean,UN_MAE_mean,UN_Bias_mean,UN_R2_mean,Rank_method_within_arch_budget,Rank_overall_arch_method_within_budget
MLR,Affine,3,504,0.6512042050867144,0.049801410405976805,0.5830557563881379,0.6377643044571895,0.7728665026154047,1.7742889360492111,1.2321369189930789,0.08898541753732635,0.6854215304756724,3.239608631226024,2.419746470681337,-0.709611415006392,0.3713541901746124,3.0,10.0
MLR,Affine,6,504,0.6268362214432693,0.030527664702996244,0.5805481802416971,0.6224415944526471,0.6907035278725525,1.7125827666848668,1.118577847898727,-0.13640385459906887,0.7105911165522243,3.1120989714323795,2.272637921248581,-0.16201173821533993,0.4307430908539012,4.0,10.0
MLR,Affine,9,504,0.6345858899583691,0.0367629823042645,0.5828689337495313,0.6267678670740287,0.7189943431085372,1.675540012579028,1.0939007510661165,-0.4142122709175802,0.7147872067663876,3.228615926425781,2.4175121784254787,0.2591685130275318,0.36510334524809646,5.0,17.0
MLR,Affine,12,504,0.6764355979299423,0.05948956150788078,0.5843899828789819,0.6649983872554925,0.8023690450963994,1.6704468417291884,1.0639603725015825,-0.09732123193970238,0.7226292439079904,3.5964946468280674,2.771340262160451,1.7871765416319045,0.1262737200585194,5.0,20.0
MLR,Affine,15,504,0.5750650691903421,0.02757946758772987,0.5456390461019915,0.5663261484745137,0.6488143062479264,1.580237082118994,1.0051125677932453,0.031248009343703458,0.7348676011755547,2.8428698153074095,2.2165700766313226,0.8299094968550669,0.5039864896737674,5.0,14.0
MLR,Affine,18,504,0.5923440761580572,0.015073047769540552,0.5767536456203254,0.58762284189914,0.6314699515671829,1.601586253019996,1.0226339693622897,0.056843802093920294,0.7348921258512088,2.963321565313417,2.155773920192648,0.44277683589354566,0.5125556697194802,5.0,19.0
MLR,Affine,21,504,0.5925102645434378,0.010678295499736168,0.5803691859673216,0.589501519239044,0.6177529212210915,1.6341937961764557,1.01107311479937,0.07264820747969811,0.7280292746071423,2.9210429458142224,2.006085545414028,0.04282046083716561,0.533195888554063,5.0,18.0
MLR,CG-HPP,3,504,0.6493453831460411,0.048228645316296816,0.5863901001570855,0.6378499770583468,0.7607014273636845,1.822200035743459,1.2602230243888943,0.16241228633907456,0.668070567221951,3.1593442485518723,2.355981654511488,-0.8241462968496546,0.4022407659097682,2.0,9.0
MLR,CG-HPP,6,504,0.6054822881561321,0.05471140059746628,0.5312083051195714,0.5886592639091389,0.7125955674244014,1.7541503773361449,1.0860192032643992,-0.11260324891204543,0.6961168148133202,2.8721477641411286,2.075486022497331,-0.18331875667969832,0.5062906749014975,1.0,3.0
MLR,CG-HPP,9,504,0.5495383358262038,0.050362464887707896,0.464933519124753,0.5444119062496866,0.6599437342661726,1.445137427715564,0.8943985722451172,-0.34073738185524577,0.7874029326374176,2.8037516441448362,2.0868240451695126,0.16752965578467496,0.5146640366767967,1.0,4.0
MLR,CG-HPP,12,504,0.5682473557195837,0.06498403748300031,0.46610564709734814,0.5603098792562755,0.6992014945141337,1.5001785415892723,0.9088869389393619,0.030410014060832775,0.775873636148813,2.891374495828903,2.217123242816228,1.37032289271468,0.4255741449347773,3.0,6.0
MLR,CG-HPP,15,504,0.44012413771896947,0.03684433354015805,0.38306421449987366,0.43642514508959945,0.5252545577771762,1.2573347468177036,0.7944315503126804,0.0626040193569336,0.8317168031039638,2.1115606698568192,1.5910585059255173,0.45664568410694906,0.7222014776962653,1.0,1.0
MLR,CG-HPP,18,504,0.46400033231901383,0.037694911693127525,0.4032859106044569,0.45898069176718126,0.5380132263163249,1.2582748825956158,0.7750571749641018,0.02550362088585361,0.8359652522010939,2.3162880433769133,1.6661141257378267,0.27056177168348133,0.6970353486128232,1.0,3.0
MLR,CG-HPP,21,504,0.47542134838786415,0.03771199375998223,0.4109278274287518,0.4730765117143413,0.5523728973721843,1.3185323268872595,0.8400143959728494,-0.026428341763470482,0.8225322359696748,2.3340421140710284,1.645134869091752,0.12560416972699118,0.696806993898679,1.0,8.0
MLR,Mean,3,504,1.0966510419290971,0.13995484131996735,0.8761348910474411,1.1055839723078913,1.3593550049925431,1.7115753117068198,1.1486514088302893,-0.43910233998611575,0.7070742203805988,7.166694508966593,6.282767036114886,-5.22754380399495,-2.1239294807257885,8.0,32.0
MLR,Mean,6,504,0.8639231337566287,0.04295846412742778,0.8125469588554189,0.8530606469443952,0.9699779979035983,1.6665806411190502,1.0785106582643897,-0.29192452367258215,0.7261651985904984,5.219193362250498,4.54059961671992,-1.7377000356372685,-0.6015923503096072,7.0,28.0
MLR,Mean,9,504,0.8428701107730469,0.014601224433318832,0.8219873631891212,0.8412929177057873,0.8758658935480348,1.679993821616959,1.0987540003006353,-0.434879148170898,0.7133245845245956,5.019580919604939,4.153219971966886,-0.2803683445550125,-0.5215270417466791,6.0,25.0
MLR,Mean,12,504,0.8667591893519268,0.028131495627708572,0.8289577347123409,0.8611040983858564,0.9369375886087064,1.6737119680686778,1.0709224425954642,-0.11281607493274534,0.7216762413314922,5.234100960195001,3.944226304720324,1.7251641041145862,-0.8189515244026676,7.0,28.0
MLR,Mean,15,504,0.8048411916480368,0.013908124421848453,0.790414882505271,0.8006420690544951,0.8428915898443644,1.6158140359393929,1.0409886939635307,0.14964086702242532,0.72277413826692,4.777529966383655,4.04044938650697,-0.6160862942359043,-0.3923055471829426,7.0,25.0
MLR,Mean,18,504,0.8172794710973705,0.008655977221986499,0.8093870150033471,0.8145151356338097,0.8392108090492524,1.6324204413634347,1.0382950793197225,0.0942985392099738,0.7245988131446343,4.862577152050464,4.0138750886985735,-0.327343372285655,-0.31040591200304424,7.0,27.0
MLR,Mean,21,504,0.8290306049064038,0.006754761206326589,0.8227837950807521,0.826654865168529,0.8468072362593504,1.65717467500199,1.0195306219310691,0.06925326050328535,0.7203626724314531,4.930773453454648,4.0967437514034675,-0.3203028810561702,-0.32910426106546936,7.0,27.0
MLR,NoUpdate,3,504,0.9813743349539512,0.0,0.9813743349539512,0.9813743349539512,0.9813743349539512,2.2873973519548825,1.9476899916175336,1.6298149250486569,0.4782578027813761,5.400240716145079,3.776787213412842,2.5694340354542584,-0.7225974414778755,7.0,28.0
MLR,NoUpdate,6,504,0.9931402601537708,0.0,0.9931402601537708,0.9931402601537708,0.9931402601537708,2.2971835691544435,1.9541372421407068,1.6250430555752815,0.4800957222074384,5.488630157580806,3.849883676470172,2.6271970156538327,-0.7620572017643918,8.0,32.0
MLR,NoUpdate,9,504,1.0053483773700014,0.0,1.0053483773700014,1.0053483773700014,1.0053483773700014,2.25839520417744,1.9424150185048383,1.6012808007236048,0.4829334484782083,5.645951693753252,3.896977295403124,2.7140419070035966,-0.9245220618716838,8.0,32.0
MLR,NoUpdate,12,504,1.0242706686044978,0.0,1.0242706686044978,1.0242706686044978,1.0242706686044978,2.318969209799183,1.9835026630684136,1.6294139813208042,0.46584461082578527,5.7279973310367165,3.967891356404503,2.9692648119527187,-1.173879275680107,8.0,32.0
MLR,NoUpdate,15,504,0.9813389796614548,0.0,0.9813389796614548,0.9813389796614548,0.9813389796614548,2.3101880452105847,2.0021537576578994,1.668956903348599,0.4334378362524861,5.369383394001229,3.766737566540282,2.640217958514108,-0.7576052503098825,8.0,32.0
MLR,NoUpdate,18,504,0.9987556812023084,0.0,0.9987556812023084,0.9987556812023084,0.9987556812023084,2.321969946936013,2.009833160391421,1.66294328467215,0.442845866976443,5.503848581855546,3.850127167533864,2.6770214059030835,-0.6784716102508761,8.0,32.0
MLR,NoUpdate,21,504,1.009002150869727,0.0,1.009002150869727,1.009002150869727,1.009002150869727,2.339046351785498,1.990239996255307,1.6602723480214845,0.4429287474315034,5.569356250343945,3.8539829864042394,2.667854594902668,-0.6954522255788365,8.0,32.0
MLR,TargetOnlyElasticNet,3,504,0.7390461822680092,0.10541184880642722,0.6169996427054435,0.7032000463265489,0.9381830944339729,2.1024791838386614,1.620864142379579,0.40270787914733847,0.5552670824452343,3.557491041173125,2.8668249059537168,0.7295801110113915,0.22053193512497943,4.0,12.0
MLR,TargetOnlyElasticNet,6,504,0.6070391140248274,0.07356718738634141,0.49077290946363605,0.5982675160226687,0.750230908433843,1.6137961713538589,1.025833899210672,-0.31543330834793387,0.7407263403922205,3.0737322949441213,2.393627168748179,-0.5931202709505901,0.42890089972739476,3.0,5.0
MLR,TargetOnlyElasticNet,9,504,0.6300110847767023,0.10634662110460877,0.47756824639454565,0.6047363095596701,0.8702471010484619,1.6809341793505435,1.3077789548410044,-0.1427009112146853,0.7071481975299193,3.181916390606039,2.4644788267560065,0.07874956928914607,0.3520298274507889,4.0,16.0
MLR,TargetOnlyElasticNet,12,504,0.5621096855791992,0.08315830356981364,0.4322531150347032,0.5619916462172443,0.7404374068952145,1.4620936727908398,1.0401754890089845,0.037179452261187504,0.7858500225005538,2.88947788934502,2.2415100687645473,0.8025584708949454,0.4143458347169054,1.0,4.0
MLR,TargetOnlyElasticNet,15,504,0.5219054718998786,0.059150926790170436,0.43960999121909555,0.5088787489810094,0.6546011989549899,1.35710119764273,0.989588823266105,0.20984491121516238,0.8040683017649902,2.683371838553777,2.0967321397530334,0.5288350259660423,0.544228598227548,2.0,5.0
MLR,TargetOnlyElasticNet,18,504,0.4969105325789434,0.054869203068133955,0.41894980084666655,0.4879845508836223,0.6399217392054818,1.3157220862724133,0.9603910989552116,0.10391565631050118,0.8208704626124682,2.5232035798682246,1.9196583393893059,0.2258164027661414,0.6351845408681629,2.0,6.0
MLR,TargetOnlyElasticNet,21,504,0.48983243879593574,0.038540800102798284,0.4319079151692463,0.48619835873801986,0.5855181545108527,1.435957098522711,0.9977211972835626,0.09514082709764524,0.7893580886895881,2.300956272393664,1.7305398467666555,0.1881430795118988,0.7047525008857676,3.0,13.0
MLR,TargetOnlyRF,3,504,0.8719141729739334,0.07955109318241595,0.7437691122635604,0.8650804705069159,1.0382080870643655,2.7363940406175877,2.301284871961941,1.2498376892257803,0.2491041929848791,3.853985187684554,3.317861043295768,2.236818128960554,0.09665828800295899,6.0,19.0
MLR,TargetOnlyRF,6,504,0.6550040494072431,0.042657234753569716,0.5847723380313794,0.6556577785386423,0.7317758653702605,2.1519398207999587,1.5175546952459429,0.20096971423983576,0.5407207836985607,2.766127305824396,2.158026114517156,0.44699201829507984,0.5481941312030092,5.0,17.0
MLR,TargetOnlyRF,9,504,0.5774945471963882,0.06422296025111075,0.4712968259506972,0.5696882171438846,0.7234107350851662,1.831831406104597,1.242640542276805,-0.09743785092353091,0.6538953410526771,2.526552326624718,1.8663190711938125,0.225764663078794,0.6069384422973612,2.0,11.0
MLR,TargetOnlyRF,12,504,0.5753099906166351,0.0602407778463636,0.47711994950578845,0.5704789786948129,0.7038304743995911,1.692865521812074,1.1646200188370468,-0.03368184178508218,0.7129683282861743,2.693997607331618,2.053464949379454,0.9186223040087286,0.505692819651561,4.0,7.0
MLR,TargetOnlyRF,15,504,0.5485451105027979,0.061931664497661285,0.45600324398745373,0.5344189229119611,0.6955574020044885,1.487519498043213,1.0779744252026573,0.38011678594919746,0.7638709784070171,2.7383670422508404,2.0563494606743973,0.8827561475331558,0.5282083589827482,4.0,7.0
MLR,TargetOnlyRF,18,504,0.5178986525163037,0.04789885315661507,0.43818527226537635,0.5124973569347263,0.6272838120312336,1.355244272302614,0.9180694169558026,0.19572101457308072,0.8081562061544524,2.651293027455699,1.9804219495264308,0.5287219920991533,0.6025221219646977,4.0,13.0
MLR,TargetOnlyRF,21,504,0.5145620710399522,0.04195877923581629,0.44454466216865834,0.5110183736290352,0.6162750694806522,1.4644138428353632,0.962419256921167,0.12257847111682095,0.7807904366621513,2.4761588541698716,1.818921839397245,0.18610809151482333,0.6583322605473589,4.0,15.0
MLR,TargetOnlyRidge,3,504,0.62700155797508,0.09112315862009955,0.5040760347253926,0.6071634722063243,0.7846890151505577,1.4915924101070717,1.045314528665204,-0.35952620379362,0.775288141274513,3.4097763011747713,2.744399443416088,0.7995654306218738,0.28983272752342787,1.0,2.0
MLR,TargetOnlyRidge,6,504,0.6057027834612648,0.0726669414982153,0.4907519653387716,0.5980340891035154,0.7480018254759091,1.5798170707957147,1.0067772074882189,-0.345571657111535,0.7506405209962376,3.1077543735019084,2.4149235518120995,-0.6477166782310544,0.418584251273025,2.0,4.0
MLR,TargetOnlyRidge,9,504,0.6217520659874253,0.09815771515947644,0.4801085044986175,0.6011167150932266,0.8381601994340975,1.649484038090434,1.2773257953857005,-0.18335798372038634,0.7196242324495982,3.152823967712701,2.4535727364471884,0.10180014644445931,0.3680737540228905,3.0,13.0
MLR,TargetOnlyRidge,12,504,0.5640398404034374,0.07921241928122691,0.43164716787013147,0.5642725337319966,0.7254522041442487,1.4682066800902325,1.0618350589095056,0.041217935058609614,0.7835781760840793,2.8979351062176444,2.258089594765814,0.8067244556562717,0.4140340438048119,2.0,5.0
MLR,TargetOnlyRidge,15,504,0.5251282510588677,0.05940243136314177,0.43763540203433815,0.516261953398405,0.6605448218885145,1.3671286219838468,1.0054723047828762,0.21183566886786367,0.801012072813559,2.697733432795155,2.1098438027709867,0.5097390101227369,0.5392100289261055,3.0,6.0
MLR,TargetOnlyRidge,18,504,0.4987287710786702,0.0586712436938075,0.41359743879446365,0.48913694244912953,0.6515504082206415,1.3273354497160665,0.985609849160673,0.07423065638473651,0.8176490476689517,2.523321698717168,1.9204340127391546,0.183006751579083,0.6339534408571641,3.0,7.0
MLR,TargetOnlyRidge,21,504,0.4897021203044431,0.04070192144951729,0.42811087048161933,0.4852555154254,0.5920236546342431,1.4348299405988185,1.0210703455916983,0.08030549412682099,0.789595842869957,2.301342995721209,1.726309951022709,0.15546240957051927,0.7039235577846398,2.0,12.0
MLR,TargetWeightedFullRF,3,504,0.8592826477046374,0.02711881800305697,0.8101996625926619,0.8610377565276052,0.9005087418405002,1.712335141398421,1.1459638313652047,0.6197650652307254,0.707310002131969,5.117821711956281,3.9257903841671618,3.401781357196534,-0.5493606074719452,5.0,16.0
MLR,TargetWeightedFullRF,6,504,0.8177711005536223,0.029739890270263632,0.7623733385585757,0.8204091719368748,0.8722012545701494,1.6555520852148724,1.056227394806019,0.47488610588943353,0.7295475271597293,4.835809233559078,3.587317452712534,2.693657818115123,-0.37020321395197014,6.0,21.0
MLR,TargetWeightedFullRF,9,504,0.8624885535796509,0.0345133116704249,0.8071248554404054,0.8590458494596167,0.9285646185948839,1.6555471900238867,1.1159984865857016,0.5756090619052373,0.7217851848913794,5.2216077807859085,3.7862137648673864,3.070396820003565,-0.6505962402532071,7.0,27.0
MLR,TargetWeightedFullRF,12,504,0.8309141800223726,0.04670521640004501,0.7454632285395748,0.8328959311981176,0.9134249230615996,1.5902245957599328,1.0277069232460019,0.5209133337972438,0.7485705637715444,5.036774291587618,3.6709662362995394,3.078084205224096,-0.6907821984135241,6.0,26.0
MLR,TargetWeightedFullRF,15,504,0.747613163042044,0.034997825025945256,0.6832304406062323,0.7456075439298779,0.8199611181074584,1.6601460003897832,1.1291976155082648,0.6275901071805013,0.7071076746657228,4.224375508933328,3.0986807972392554,2.484326720859063,-0.09298179811830262,6.0,24.0
MLR,TargetWeightedFullRF,18,504,0.7213570072722809,0.0401876499937919,0.6536641267309643,0.7188135766302018,0.8112629288718038,1.6291172640394491,1.0670114321117357,0.5643179525711876,0.7254404861182538,4.039451023749347,2.963637052075916,2.417293326229776,0.08954523124210949,6.0,23.0
MLR,TargetWeightedFullRF,21,504,0.6788679858006749,0.03548972617488027,0.6199599432693432,0.6752852479515152,0.7543928926241044,1.6284434604082907,1.0484264289157639,0.47227915629952055,0.7297506644854671,3.6737877157656165,2.6748562431585077,1.9252140168599414,0.25736202541756226,6.0,22.0
MLR+RF,Affine,3,504,0.6348752685060322,0.05324727439548308,0.5740760747251263,0.6233900145315436,0.7548259041504947,1.6407734772902671,1.1316571575340488,-0.07443719734350526,0.7298357636722128,3.277719129084808,2.469024698486286,-0.4573053015099211,0.3587209659755855,3.0,6.0
MLR+RF,Affine,6,504,0.6143146505894934,0.03932543701358114,0.5652392477369121,0.6083505526904023,0.6973905475637011,1.6255120635777687,1.1059149593488502,0.0428406189777224,0.7391530101400515,3.1207948499082687,2.342800559540849,0.018840338728015663,0.4117039884833687,2.0,8.0
MLR+RF,Affine,9,504,0.6217079347964778,0.04013698030274483,0.5771418628978028,0.6064705247017907,0.7067240404271973,1.6920450231459019,1.1581864607572179,-0.3911773660922136,0.7229530978265665,3.0953876630293813,2.272418838332551,0.25851876031009696,0.4522364196688117,4.0,12.0
MLR+RF,Affine,12,504,0.6171410640536534,0.03677371998970402,0.5644570910492099,0.6112216628321014,0.7110011801609549,1.5402314619300415,1.0796137803967931,-0.321552261841522,0.7636234617282593,3.259503032765862,2.430674019299323,0.07219477282237549,0.3703454246865914,2.0,16.0
MLR+RF,Affine,15,504,0.5832250215009657,0.014266185325852696,0.5656707419025527,0.5793644002299349,0.6169427554397424,1.4768906766224814,1.0188826035607066,-0.06725687151423662,0.7701561305764525,3.051810470333065,2.146744897319452,-0.48412250902300136,0.4765705167038022,5.0,16.0
MLR+RF,Affine,18,504,0.5545732123347366,0.010619996497098468,0.5418431549423937,0.5519606572257404,0.5836120627860872,1.497933040935263,0.9867572700341324,0.16835902552447246,0.7674326501354217,2.776413450715399,2.080569494849799,0.05452166786514393,0.5445630788069002,5.0,16.0
MLR+RF,Affine,21,504,0.5572194470868199,0.00855846323659984,0.5465708367600255,0.5553996602171374,0.5768079857711879,1.5190286176279475,1.0027442225503571,0.11517138852366131,0.7645285215444533,2.7709634825881198,2.0090953166807286,-0.15946068818547318,0.554990612506792,5.0,17.0
MLR+RF,CG-HPP,3,504,0.6266879536212611,0.05019673269918535,0.566904324210467,0.614959819305708,0.7339040900287004,1.6652183011268928,1.109707813326072,-0.03685344377558956,0.72164525053478,3.1743147430464624,2.3734624253753043,-0.5069681824080098,0.3989994912284386,1.0,1.0
MLR+RF,CG-HPP,6,504,0.5488954198963575,0.053027088881500754,0.46633703683444017,0.5499121366654343,0.6503771389476886,1.656524411866928,1.0751982489132428,0.06262806304969704,0.7286563830246008,2.5148279825385815,1.8577124025141336,1.3113894022673134e-05,0.612469936909513,1.0,1.0
MLR+RF,CG-HPP,9,504,0.5343905188064416,0.053862942361989005,0.44190672663934366,0.5267261111271884,0.642820186277186,1.5065081070420774,0.9561179071080735,-0.3994493322675524,0.7782159199768502,2.5907954073335886,1.8917244516369731,0.2307345093652226,0.6134795659955865,2.0,2.0
MLR+RF,CG-HPP,12,504,0.5189914829296485,0.051038839657915135,0.4284930989280857,0.5180545646266164,0.6217782445828729,1.2380481619388612,0.8227736219945638,-0.24302265684663543,0.8466857310758098,2.817829693216939,2.0847984706547167,-0.11964067597728392,0.5239476133006495,1.0,3.0
MLR+RF,CG-HPP,15,504,0.465349565252651,0.046572497435134814,0.391263185391362,0.458693544967557,0.5614238592737671,1.156637727735057,0.7911597851487092,-0.09700642875958879,0.8586331377754209,2.4641790575212625,1.747471142932687,-0.7916240778176443,0.6505502441180024,1.0,3.0
MLR+RF,CG-HPP,18,504,0.4135422385731333,0.024119087745081612,0.37408126644211087,0.41114230954932274,0.46557076745837406,1.179846062712583,0.8079641298868367,0.09604903111525098,0.8553389580616209,1.9861082563282169,1.4891590098663539,-0.10286691042618247,0.7647876006127191,1.0,1.0
MLR+RF,CG-HPP,21,504,0.4105338763987733,0.026224338202707774,0.3666184132998348,0.4094418248069245,0.4720166065736917,1.1689440328527894,0.7775459543366379,0.0720793281740056,0.8600850875626135,1.9747689685365006,1.4950051200314267,-0.03449580426056731,0.7716949884449906,1.0,1.0
MLR+RF,Mean,3,504,1.040079271688566,0.1284981627389717,0.8349709741907642,1.039189481832115,1.3019964573648857,1.6534320205292359,1.2628990802787812,-0.5292812675970319,0.724528115101191,6.756576073773043,5.94686458060239,-4.711043058317703,-1.788148213905206,8.0,30.0
MLR+RF,Mean,6,504,0.8199509166952038,0.04358265866134678,0.7686042442891395,0.8083685967025719,0.9208012909389782,1.5431033793972573,1.07705690239454,-0.08034029737661878,0.7655630592635335,5.00535949561862,4.269101635364867,-1.486202612770361,-0.5118514313091305,6.0,22.0
MLR+RF,Mean,9,504,0.8034045977487121,0.014589244608366955,0.7817577501882634,0.8018186989406964,0.8386643442083084,1.581380617435357,1.1649885013489572,-0.45856080647343,0.759371866687816,4.811296081234086,4.0223887334099775,-0.514802830418296,-0.32013397120397713,7.0,23.0
MLR+RF,Mean,12,504,0.8077461943249148,0.012816602004176248,0.792202294701507,0.8047682556040219,0.8382705968968205,1.5120111251088262,1.0759437776796252,-0.347845455862605,0.7722965393730848,4.941746437848854,4.065226993677448,-0.23727096932074737,-0.4349214001751273,7.0,25.0
MLR+RF,Mean,15,504,0.8099407890140122,0.026555235185642134,0.7712389996097624,0.8050660747230864,0.8702336933235718,1.4784914425924853,1.003672562113732,-0.03705567246776469,0.7696705417617078,5.005615077260509,4.276515525527402,-1.6955136400402213,-0.4090270195985862,7.0,26.0
MLR+RF,Mean,18,504,0.7670855739888798,0.009243376636909509,0.7568133016795997,0.7642579880111853,0.7913266373972503,1.4991635532953216,0.9859597955696473,0.16534473022906554,0.7670595505284652,4.608177011436813,3.847173171220538,-0.5039857957063284,-0.25393868967729616,7.0,25.0
MLR+RF,Mean,21,504,0.775999537126705,0.011661882938814767,0.7627287074812712,0.7736319947147068,0.805653253677607,1.521124381292404,0.9985858212972658,0.11190838437190218,0.7638890170042036,4.65564084930956,3.9164394524758475,-0.8082492881094965,-0.2560434500120768,7.0,25.0
MLR+RF,NoUpdate,3,504,0.9314829037941326,0.0,0.9314829037941326,0.9314829037941326,0.9314829037941326,1.7944347213231926,1.3159905219586256,1.0076708372235184,0.6789090516640405,5.630657316709836,3.976013541270446,3.177296184285332,-0.8727325267586028,7.0,23.0
MLR+RF,NoUpdate,6,504,0.9347617550331426,0.0,0.9347617550331426,0.9347617550331426,0.9347617550331426,1.8170857334581016,1.3377073658080092,1.01982250775683,0.6752839972342963,5.6285799812588975,3.959777679571508,3.2346139150362205,-0.900588349665826,8.0,29.0
MLR+RF,NoUpdate,9,504,0.9434264977992574,0.0,0.9434264977992574,0.9434264977992574,0.9434264977992574,1.7840338035514185,1.3031081882925162,0.9797675025480262,0.6944705982213262,5.747641638067264,4.086686491475658,3.281690730452237,-0.883101895192907,8.0,29.0
MLR+RF,NoUpdate,12,504,0.9551234793286354,0.0,0.9551234793286354,0.9551234793286354,0.9551234793286354,1.7519425415191503,1.3221514949153872,0.979249939777802,0.6946889312414462,5.891575569815926,4.1091977718425925,3.301316816627136,-1.0390002296707506,8.0,29.0
MLR+RF,NoUpdate,15,504,0.9240912470555328,0.0,0.9240912470555328,0.9240912470555328,0.9240912470555328,1.7873659253672065,1.325677297626427,1.0190115923419207,0.66340944595184,5.576363242137775,3.904194463882855,3.0531250257617035,-0.7449857092436245,8.0,29.0
MLR+RF,NoUpdate,18,504,0.928886587355214,0.0,0.928886587355214,0.928886587355214,0.928886587355214,1.8199882905782656,1.358494040833047,1.0578252212555437,0.6567666891410311,5.574001949213813,3.8901452106964927,3.232915798046202,-0.8341264669667487,8.0,29.0
MLR+RF,NoUpdate,21,504,0.9271896950264316,0.0,0.9271896950264316,0.9271896950264316,0.9271896950264316,1.8380057734630024,1.3606936451381306,1.0509446819993538,0.6553212554957784,5.535208784373597,3.831482617089357,3.1460862296111967,-0.7746478049442111,8.0,29.0
MLR+RF,TargetOnlyElasticNet,3,504,0.7390461822680092,0.10541184880642722,0.6169996427054435,0.7032000463265489,0.9381830944339729,2.1024791838386614,1.620864142379579,0.40270787914733847,0.5552670824452343,3.557491041173125,2.8668249059537168,0.7295801110113915,0.22053193512497943,4.0,12.0
MLR+RF,TargetOnlyElasticNet,6,504,0.6283229606448605,0.11942024516432724,0.46992861579649525,0.5974752848252457,0.9364036302776526,1.72522913057595,1.115855693995924,0.08283077029408772,0.7047441219625854,3.107972338734979,2.409537634875134,0.49263864602019286,0.36993711623710324,4.0,12.0
MLR+RF,TargetOnlyElasticNet,9,504,0.5334004810015021,0.0492003293501292,0.44997073499003,0.5277365940645724,0.6315683637996881,1.7059818485176597,1.1351210817484263,-0.6069282388694529,0.7162622675611972,2.314847433821379,1.7448886627972031,0.2439242161326806,0.6915574050732305,1.0,1.0
MLR+RF,TargetOnlyElasticNet,12,504,0.6281633260050227,0.07474803192080154,0.5056204443538008,0.6250608702599614,0.7797057644771579,1.7814725328691203,1.2289756297048142,-0.6236203782436847,0.6807652290832247,3.031197441760387,2.3795421791994373,-0.4116569808980535,0.4418899145522646,5.0,19.0
MLR+RF,TargetOnlyElasticNet,15,504,0.5712072099292796,0.06813074190606808,0.4595935421398744,0.5640517638530274,0.7130180223650042,1.60482269468832,1.2956213308506064,0.19462911067625704,0.7260242688339702,2.77662831270928,2.0901233523813056,-0.9922304398134439,0.5524474732521575,2.0,12.0
MLR+RF,TargetOnlyElasticNet,18,504,0.4851261556583902,0.04201840344953363,0.4240811653349239,0.47709446758843366,0.5782386573344138,1.4486232249457238,1.0944320790870883,0.4044113233042726,0.7816520191293098,2.2433739325234705,1.7130526028116388,0.17269841287269685,0.6958632105983429,2.0,4.0
MLR+RF,TargetOnlyElasticNet,21,504,0.46569084385824683,0.04136798405817274,0.40886188152160435,0.4595867312746128,0.5703752887704872,1.309503617044216,0.9652825894587486,0.12777141153050917,0.8244520240511206,2.2621974232087756,1.7463125702190854,0.1297450633581182,0.6963496804346524,3.0,4.0
MLR+RF,TargetOnlyRF,3,504,0.8719141729739334,0.07955109318241595,0.7437691122635604,0.8650804705069159,1.0382080870643655,2.7363940406175877,2.301284871961941,1.2498376892257803,0.2491041929848791,3.853985187684554,3.317861043295768,2.236818128960554,0.09665828800295899,6.0,19.0
MLR+RF,TargetOnlyRF,6,504,0.6316549741773023,0.05347452916230677,0.5524621785363887,0.6280605959318966,0.7429116781976347,2.132366996473404,1.4754656713653778,0.11966555495103355,0.5493535706130006,2.5909258064017755,1.9705947533190196,0.26126873946557566,0.5916295992766591,5.0,13.0
MLR+RF,TargetOnlyRF,9,504,0.6240809083835109,0.044202975971278056,0.5513317814433111,0.6231381162547233,0.7057345569783036,2.103092306493822,1.417452564820696,-0.49283618902589965,0.5692352786812842,2.5648263715635697,1.9700790308838563,0.2601207848591877,0.623014148335061,5.0,14.0
MLR+RF,TargetOnlyRF,12,504,0.6199650734709912,0.06505131372046336,0.501187212234214,0.6226287289271444,0.7640972540800004,1.9723155689141172,1.2558004765464406,-0.40774279090376425,0.605902393471539,2.7046318414160053,2.076080009420954,0.036531257240102415,0.5608279842799261,3.0,17.0
MLR+RF,TargetOnlyRF,15,504,0.5745961968279476,0.050011297569957903,0.4780806890641218,0.5750465718614417,0.6735892919287784,1.755304347186756,1.336716535015982,0.27788874137155406,0.6723356162470845,2.6041364607101767,1.8845168391876517,-0.5269537924321572,0.6118338079010066,3.0,13.0
MLR+RF,TargetOnlyRF,18,504,0.5078431495587464,0.040265139197331705,0.4456706702650524,0.5048124354272367,0.597101145971485,1.5048781211877833,1.1094750736974908,0.17436105394140422,0.7638018720788109,2.3639477286072927,1.7055264764685938,0.1332102579719035,0.6650744109506332,4.0,10.0
MLR+RF,TargetOnlyRF,21,504,0.4879850294477558,0.039325880016276925,0.4206170407105143,0.48446845073322053,0.5758091121010571,1.4054245132513263,0.9996365562881275,0.18692919073982153,0.7977623688577887,2.3259488464885383,1.689802665783437,0.11123211288380895,0.6805654777399726,4.0,11.0
MLR+RF,TargetOnlyRidge,3,504,0.62700155797508,0.09112315862009955,0.5040760347253926,0.6071634722063243,0.7846890151505577,1.4915924101070717,1.045314528665204,-0.35952620379362,0.775288141274513,3.4097763011747713,2.744399443416088,0.7995654306218738,0.28983272752342787,2.0,2.0
MLR+RF,TargetOnlyRidge,6,504,0.616533361431476,0.1128691685034949,0.47025089205991216,0.5911974608148424,0.9130750437402071,1.7211910419615388,1.1184987450413528,0.08967800173230367,0.7051998234079492,3.011672940421171,2.3423132378336486,0.4763408135482725,0.41581653612762154,3.0,9.0
MLR+RF,TargetOnlyRidge,9,504,0.5391211548706402,0.049832169264751,0.45701400808533194,0.534228416552222,0.6444311981573517,1.7401872434831283,1.1590660129200656,-0.6509505851885495,0.7046553554094263,2.3183471470345305,1.7568083915579493,0.24951225787134249,0.6907229186205801,3.0,3.0
MLR+RF,TargetOnlyRidge,12,504,0.6271154584764607,0.07435570548081591,0.5023148779535082,0.6236957545249558,0.7804699449886037,1.7817870338649693,1.2343771117777642,-0.6193997732814055,0.680127315136074,3.021735540821231,2.3748661528497257,-0.4084267002431126,0.4460554386234146,4.0,18.0
MLR+RF,TargetOnlyRidge,15,504,0.5774690046950389,0.07054696659284032,0.4632407547448514,0.5691818743031802,0.7239351992748818,1.610234752243344,1.2951941872174493,0.16419049975682476,0.7244963373047872,2.8233956590991043,2.13966562396117,-1.053355605700179,0.5362978131379366,4.0,15.0
MLR+RF,TargetOnlyRidge,18,504,0.4877112991759474,0.04409969707360761,0.4220808815017788,0.47871334972743773,0.583439098106109,1.4616986295240995,1.1105962085695424,0.4031867408533794,0.7775505550760131,2.24814843551104,1.7182459115078523,0.16007995707065573,0.6940421721819836,3.0,5.0
MLR+RF,TargetOnlyRidge,21,504,0.4628268747937483,0.04296559682623418,0.4018715248042935,0.45670977141439417,0.5675761747301643,1.2979840729706558,0.9729631851578066,0.10676496035356209,0.8275672969986922,2.252931676746561,1.7265493394668916,0.09535463701544285,0.6981669816838146,2.0,2.0
MLR+RF,TargetWeightedFullRF,3,504,0.8592826477046374,0.02711881800305697,0.8101996625926619,0.8610377565276052,0.9005087418405002,1.712335141398421,1.1459638313652047,0.6197650652307254,0.707310002131969,5.117821711956281,3.9257903841671618,3.401781357196534,-0.5493606074719452,5.0,16.0
MLR+RF,TargetWeightedFullRF,6,504,0.822342539439584,0.046862522910157446,0.7490425541880583,0.8157978632968933,0.9211325549797368,1.7356979032792885,1.1461729457574443,0.5480030672215107,0.7032431862242435,4.767808212128278,3.5602601359114474,3.034564952754246,-0.37097246510890497,7.0,23.0
MLR+RF,TargetWeightedFullRF,9,504,0.781411056478695,0.026346461567509888,0.7290771555681319,0.7824336922490482,0.8312294841075939,1.6093008077657855,1.0791259366447856,0.4050100786493991,0.751082422360502,4.584121959282368,3.4228320896445377,2.7183246815166227,-0.20007106839568317,6.0,21.0
MLR+RF,TargetWeightedFullRF,12,504,0.7777560423302932,0.048536088711678416,0.7015734740954899,0.7705112903987705,0.8818910213086194,1.4019615347758712,0.9614997443887299,0.4400915952994374,0.8039837219753668,4.830539781527417,3.4733902183228715,2.4953530390276284,-0.37997111735506706,6.0,22.0
MLR+RF,TargetWeightedFullRF,15,504,0.6944062878123449,0.03934037696596451,0.6261758184554062,0.6908624368384668,0.7854862203197488,1.5036234374535784,1.0095915611038864,0.49322961529185017,0.7615517691465609,3.9751704699855996,2.866175126220403,1.8265460119966754,0.10733009592796454,6.0,23.0
MLR+RF,TargetWeightedFullRF,18,504,0.7342037524545503,0.03529311879279583,0.6703190913558671,0.7325169243398912,0.8044705305595362,1.6259859536088048,1.1047809969633227,0.6646982587417568,0.7257925390175874,4.154481775896854,3.0141566632035794,2.5030519023340903,-0.02376281746464907,6.0,24.0
MLR+RF,TargetWeightedFullRF,21,504,0.6705348385856973,0.03968999685447687,0.5978894787432713,0.6683064045601187,0.7481510596056735,1.574310266865501,1.0560570094741117,0.5663080226648426,0.7467926829972583,3.674463764210598,2.6495716447607243,2.0573800529091826,0.2114631668927981,6.0,21.0
TabM,Affine,3,504,0.6397418934271447,0.043888369259591026,0.5795471528966423,0.6278401681353845,0.7410471467037176,1.9324958474911793,1.2990651828072723,0.4056647882557025,0.6263429407923015,2.9286336289263564,2.2571698814732195,-0.241781490077359,0.48640548967112607,2.0,7.0
TabM,Affine,6,504,0.6379015342060056,0.061334271610116904,0.5582578655340352,0.6256178299504627,0.786362700795013,1.878460912186677,1.1874409007029962,0.06618128707666496,0.6527001712068694,2.9851933461978497,2.3891894461159318,1.2958286920307254,0.4211503826134083,4.0,15.0
TabM,Affine,9,504,0.6396166438522178,0.048325586068892694,0.5802427422600855,0.6236700312951177,0.7524970383013839,1.8560233382658564,1.2045624091854314,0.07794735744957479,0.6498353750578066,3.030069076697117,2.2893348651669765,0.813932395298967,0.4328929744463254,5.0,19.0
TabM,Affine,12,504,0.6081942399391917,0.03616880010273889,0.5588642441536317,0.6011786150174516,0.6931802898435098,1.8317906462376394,1.2171350249104433,-0.44630967802957133,0.6655254092884454,2.791463183738822,2.1260703747097196,0.38397805441407856,0.5043345677038948,5.0,14.0
TabM,Affine,15,504,0.570369475964457,0.01456053018090043,0.5528516753683942,0.5668229246010235,0.6050668619530575,1.7179409047931553,1.1134672888870072,-0.22556990316068395,0.6866435418954129,2.6177591183741717,1.9573706668244095,0.17517852796496924,0.608456467961896,4.0,11.0
TabM,Affine,18,504,0.5622030812408263,0.015264366268469293,0.5458904885534408,0.5583267498246945,0.6019875555546034,1.7906735437289212,1.1484753987594596,-0.014294560322180194,0.6676013048820983,2.4498024852898967,1.8165353050341548,0.3203867151212625,0.6429104575985011,5.0,18.0
TabM,Affine,21,504,0.5963900803395222,0.011016107824666119,0.5828953551107781,0.5936956566011513,0.6225286861264324,1.8089433546094977,1.1977200852129521,-0.2307056971938464,0.6688308341000522,2.720253040705488,1.9159157861113727,-0.36014580204473634,0.6048483334944249,5.0,19.0
TabM,CG-HPP,3,504,0.6297587177048677,0.04196861244677667,0.5693893106715445,0.6220694409564785,0.7219871692544577,1.9720442342603108,1.288993166772313,0.4320897936807682,0.6106817855358295,2.789488530249689,2.133543416442711,-0.2926044087618096,0.5339671970139571,1.0,5.0
TabM,CG-HPP,6,504,0.6088197223415295,0.07349973619662968,0.5103046097178492,0.5868716141732002,0.7677639017391935,1.8911026297341142,1.1468571084360717,0.0735558133204691,0.6476122314305164,2.717348127974368,2.103729477308284,1.2185026548516749,0.5126573472478567,1.0,6.0
TabM,CG-HPP,9,504,0.5554311481115115,0.05414495230997742,0.4763525822851971,0.5436040239830728,0.6819263701934384,1.4883450936575833,0.94071928964797,0.08173305099327124,0.7744822752423985,2.7966683635007676,2.06163967304172,0.7828960516596445,0.5128537777017144,1.0,5.0
TabM,CG-HPP,12,504,0.47798733508693053,0.045746418563258895,0.40585216766386895,0.4708179070514129,0.5745882656280712,1.3446209818909292,0.8153858704865452,-0.27180470886195185,0.8193491498202614,2.321206296947654,1.7518469013310343,0.14121581537115915,0.6524721741237465,1.0,1.0
TabM,CG-HPP,15,504,0.458356509956304,0.04172433138467223,0.39179755039058983,0.45366794674694244,0.5398911115638347,1.192547901876595,0.7354005329089093,-0.21315042647215204,0.8486880301218875,2.3557079422376552,1.7685463092662048,-0.059471600643551406,0.6765872157647866,1.0,2.0
TabM,CG-HPP,18,504,0.4194434033584648,0.0311618775737517,0.37028867461578235,0.41597698762228563,0.4961709856059988,1.2698172091168098,0.8105868973960846,-0.07232225388538983,0.8321828916734038,1.916407765975526,1.4049846766347887,0.2174807749903193,0.7782935333645888,1.0,2.0
TabM,CG-HPP,21,504,0.4682031051024515,0.04306274537373851,0.40113707771582624,0.462236634374968,0.5629593707546493,1.2705019455920161,0.8170791451206345,-0.2946468223029799,0.836290799700638,2.3361556123289744,1.6118047816283858,-0.3562260305379457,0.7018604295525308,1.0,5.0
TabM,Mean,3,504,1.0497637107844562,0.14063998522064555,0.8459564753556508,1.036933739265012,1.3679492802037396,1.8736323136382147,1.216200103281233,0.23590198418023733,0.6484031292990735,6.544935083922791,5.942658113554278,-4.516473007353726,-1.6060267898903131,8.0,31.0
TabM,Mean,6,504,0.8399534531343483,0.026782728757900474,0.8146424505440284,0.8322593279600605,0.9116242036113087,1.862764870205846,1.1806226979786458,0.01973277464808654,0.6585942113035524,4.749402339733425,3.9906802898662845,-0.5473068112229456,-0.42518252807561097,6.0,24.0
TabM,Mean,9,504,0.8479982008946877,0.01691488340845946,0.8347201386743397,0.8415643062255327,0.9020950203958125,1.8392467234726109,1.1493183655542294,0.11457617825753705,0.6571068332631467,4.850334486288607,3.7887044073383533,0.48770542168311976,-0.4334335116647398,6.0,26.0
TabM,Mean,12,504,0.8406707797450815,0.013116543297859929,0.8238967299736076,0.8380268423205841,0.8710001402400533,1.832371877166453,1.192567633672147,-0.43927017479084424,0.6654301288493368,4.796334591779577,3.930726026627759,-0.20947949384822778,-0.4456557613032384,7.0,27.0
TabM,Mean,15,504,0.8225014887449494,0.02342808029457511,0.7937377274946033,0.8173938422922674,0.8757686572776946,1.7299347416305744,1.0463622239596677,-0.11149502365208794,0.6822965473358467,4.776905385595801,4.122919122697033,-1.3286723953616077,-0.30343681968576225,7.0,27.0
TabM,Mean,18,504,0.8088283191356143,0.009496082006627308,0.7996682568172948,0.805276291729279,0.8347025701983289,1.8084295764282472,1.1086275113588162,0.03279989933952957,0.6609880962073604,4.553715446268316,3.7833555382345163,-0.4424261454639707,-0.23078165359668662,7.0,26.0
TabM,Mean,21,504,0.8364403281889379,0.010588865735265632,0.8243603610852963,0.8330649203207781,0.8616676298483272,1.8259525198377722,1.1267392584925682,-0.20461084911373406,0.6625855381643503,4.768442648915339,4.065281603007317,-0.7637846519498612,-0.21330248964110746,7.0,28.0
TabM,NoUpdate,3,504,0.9627358287356238,0.0,0.9627358287356238,0.9627358287356238,0.9627358287356238,1.9474441902501904,1.3304356067503595,0.7293024956119111,0.6211271270037716,5.695168013759537,3.846493388108662,3.391397576453197,-0.9158462850995964,7.0,27.0
TabM,NoUpdate,6,504,0.973429441776019,0.0,0.973429441776019,0.973429441776019,0.973429441776019,1.9738827160354868,1.3561828439568484,0.7228265691871616,0.6167858053190546,5.7519828448339405,3.8593877410867257,3.504206127604004,-1.0856608090707789,8.0,31.0
TabM,NoUpdate,9,504,0.9956376117091376,0.0,0.9956376117091376,0.9956376117091376,0.9956376117091376,1.954014178557593,1.3320513425754723,0.7328572170600113,0.6131881678565455,5.970214911082974,4.0270210945085285,3.5885268931258256,-1.170326200196541,8.0,31.0
TabM,NoUpdate,12,504,0.9760035051443564,0.0,0.9760035051443564,0.9760035051443564,0.9760035051443564,1.8790497495730183,1.2905248291156652,0.6635997697873963,0.6486356854149979,5.901319443355681,3.894395437433073,3.5126686214628937,-1.188007775513099,8.0,31.0
TabM,NoUpdate,15,504,0.9399944836345772,0.0,0.9399944836345772,0.9399944836345772,0.9399944836345772,1.85529082238109,1.2487687600610338,0.7031472065204601,0.6346167091988799,5.622508200957305,3.786122460935061,3.321280357679978,-0.802504578881277,8.0,30.0
TabM,NoUpdate,18,504,0.9576293755145124,0.0,0.9576293755145124,0.9576293755145124,0.9576293755145124,1.9387521879374152,1.3128028546592447,0.7280133992995027,0.610397173446955,5.662765137972759,3.7825139535332464,3.4527794270434136,-0.9027192323581232,8.0,31.0
TabM,NoUpdate,21,504,0.968060579657461,0.0,0.968060579657461,0.968060579657461,0.968060579657461,1.9302807456179625,1.2900103888393963,0.6743076188654371,0.6229628572147474,5.764115002628794,3.8106696622958216,3.364034294377528,-0.7722858521361202,8.0,31.0
TabM,TargetOnlyElasticNet,3,504,0.9485824157850832,0.12192272235710369,0.7374233103141898,0.9187196082479712,1.2530321678150558,2.974140270582861,2.3795616476782953,-1.3043137910404774,0.09080306931058076,4.196713831112083,3.39139129535042,-0.16968025080110635,-0.12824725559301436,5.0,24.0
TabM,TargetOnlyElasticNet,6,504,0.6350781469528674,0.10288115118023317,0.4953964200014679,0.6196669785495462,0.8720743028622036,1.6851141689641296,1.0741951775543372,-0.05690054307626111,0.717486296492777,3.220028052547113,2.5992795131842685,0.4295671896944109,0.3022508786547925,3.0,14.0
TabM,TargetOnlyElasticNet,9,504,0.5650027946026979,0.10541441281883014,0.4344542912040702,0.532728372920565,0.7908705788079189,1.4931152670550782,1.0753997740689851,-0.08232405816696159,0.7723583051779903,2.872851359754637,2.210849666410319,0.6625939960407297,0.4581788732372617,3.0,8.0
TabM,TargetOnlyElasticNet,12,504,0.6011832994392434,0.08945872411006514,0.4647079384324576,0.5867047100302425,0.793752459375331,1.7156096132081928,1.1989117063204615,-0.713634959486924,0.7037098338589594,2.88672521445098,2.294710848365695,-0.3226736337688614,0.4434091585630058,4.0,13.0
TabM,TargetOnlyElasticNet,15,504,0.5698532953459924,0.07260737513088479,0.4432616091690448,0.5696819173123129,0.717988434756844,1.553807122990191,1.2211625650295503,-0.04681063290101005,0.742062395022034,2.8333371065545614,2.17020168117477,-0.31419114952206356,0.5227831337848373,3.0,10.0
TabM,TargetOnlyElasticNet,18,504,0.5059676395643667,0.06231434703029122,0.4175980721780531,0.4889441615388629,0.6482730954801724,1.358753284775075,1.030823345944042,0.19982767918087233,0.8079347104740466,2.5436562621597076,1.9771705142513631,0.3139118724878513,0.5983963956225697,2.0,9.0
TabM,TargetOnlyElasticNet,21,504,0.47727922610235485,0.04762509432793609,0.4054540305806624,0.47050991146354826,0.5816933765205062,1.3159088022063594,0.9604590606618041,-0.09289136718051,0.8244142508875416,2.353587621540182,1.6664126723285198,-0.36251616356652183,0.6964004488668947,3.0,10.0
TabM,TargetOnlyRF,3,504,0.9100581343218985,0.09906724332432318,0.7621092565589473,0.893939923439775,1.128424927276003,2.7897051510078326,2.3436777177849346,1.3451607993884898,0.21603993159689083,4.111598763054984,3.5555515185877815,2.499365337144984,-0.045381159762376666,4.0,22.0
TabM,TargetOnlyRF,6,504,0.706357778819991,0.08017292716707908,0.5755939344561577,0.7006603263202775,0.8779981928881754,2.241391940740704,1.6624915491540881,0.5907997586728926,0.5029116797256148,3.0892566331574924,2.5242082874997016,1.8871902352618843,0.3769441964201728,5.0,20.0
TabM,TargetOnlyRF,9,504,0.5714962977931636,0.05043918870960496,0.48861811359788637,0.5637315312140363,0.6871456226384721,1.7949650015216672,1.213762983687888,0.00896303474569627,0.6698716700746289,2.5242251232441744,1.9249578823758988,0.47707645091599826,0.6063063570139697,4.0,10.0
TabM,TargetOnlyRF,12,504,0.5771262633043099,0.04832992853758868,0.4802170930630213,0.5765859035186806,0.6671371026559182,1.9601932748377935,1.361036711020489,-0.06782285404719676,0.6134427506379505,2.3512981855746875,1.8259336854920842,0.20872854031178065,0.6473327972116222,2.0,8.0
TabM,TargetOnlyRF,15,504,0.5676043344152331,0.050669902211718014,0.4832473237845588,0.5622575355237154,0.6734721422267587,1.7362883284389232,1.2917980444536794,0.2786359335564363,0.6753244006379698,2.569307515184392,1.9517769548333972,0.08891776625977202,0.617068001741243,2.0,9.0
TabM,TargetOnlyRF,18,504,0.5085069149516642,0.04572536546905749,0.4399285906634776,0.49970534522873367,0.6175919685572194,1.4329350420786515,1.040232949521578,0.28365003981836195,0.7862938163751646,2.466118290075274,1.8347551258252894,0.48332975027833097,0.6308131632043533,3.0,11.0
TabM,TargetOnlyRF,21,504,0.5043203042807346,0.041701164994304984,0.43763662817463456,0.49854856287144306,0.5989545790719337,1.3662257309486217,0.9329478739415898,-0.134488062732791,0.8100883917489897,2.5194269005250596,1.779201077879852,-0.27417739304734995,0.65544732225604,4.0,14.0
TabM,TargetOnlyRidge,3,504,0.9616778672016029,0.11796438953525812,0.7799349488576077,0.9301391095339449,1.2668247147863347,3.0375394725958533,2.4431031298873975,-1.4446614408166798,0.05426634235750464,4.224702083216714,3.411851630360544,-0.38254898601340775,-0.13159874057889223,6.0,26.0
TabM,TargetOnlyRidge,6,504,0.6126251347145204,0.08569751068993085,0.48686784912286635,0.6035191220748297,0.8091880499574288,1.6576071645957344,1.0644037102627126,-0.06417966080123189,0.7258580647088955,3.0631934269255336,2.471776394114506,0.5214918334544582,0.3823588582517323,2.0,7.0
TabM,TargetOnlyRidge,9,504,0.5623489056724977,0.09782784560417408,0.4338630483410744,0.5372934876325739,0.7716634650928166,1.4975508020557298,1.0836884548152779,-0.08716273323291648,0.7708567681842586,2.844009295845414,2.1969710375369336,0.7227406109179428,0.47436370637370123,2.0,7.0
TabM,TargetOnlyRidge,12,504,0.5987131507838143,0.08293296228670108,0.4615285834854943,0.5876781190239211,0.7820922188830354,1.7127199874809373,1.2106265292968135,-0.7010660874051452,0.7044460820443965,2.869288157839979,2.281185893457634,-0.32587893899611925,0.45416284218669056,3.0,12.0
TabM,TargetOnlyRidge,15,504,0.5837282059705582,0.07477700742823987,0.4528414379338185,0.5830944694970026,0.7326095974949385,1.5909727985972872,1.250062517589654,-0.08824279391898836,0.7295338514903814,2.90321763259649,2.2334262877928053,-0.3719405503929482,0.498606432823322,5.0,17.0
TabM,TargetOnlyRidge,18,504,0.5113477396637269,0.06554385006535804,0.41657270762715015,0.49593298292782784,0.6533392223951564,1.367134204700639,1.0499393198999702,0.1990320348682403,0.805505530302834,2.5788370031307255,2.008529976013748,0.2913260033800178,0.5861443218321715,4.0,12.0
TabM,TargetOnlyRidge,21,504,0.47683297017577403,0.05058211809143933,0.4004228046907285,0.4689984695528332,0.5894023515307629,1.322357078153226,0.9817470469257746,-0.11472446256961386,0.8226586503521791,2.341093323488107,1.6767719370194663,-0.37116148659764625,0.6984531103868021,2.0,9.0
TabM,TargetWeightedFullRF,3,504,0.8506010579988291,0.028913372196153485,0.7968173452766737,0.8488649244731474,0.8989470349178368,1.7395719458434957,1.1553018500235894,0.686980848292688,0.697289129391913,5.006410237965564,3.8544625421261496,3.3579284034374903,-0.48290781579498354,3.0,15.0
TabM,TargetWeightedFullRF,6,504,0.8520883507230848,0.034269565555208534,0.787422038510756,0.8527955952026942,0.9168671843508783,1.7391910351373587,1.1627968354877138,0.5995142103737451,0.7019628530254869,5.019752228955728,3.794298018633722,3.3344250801267195,-0.5925089169508417,7.0,27.0
TabM,TargetWeightedFullRF,9,504,0.8634833080416172,0.03830927207019621,0.7989030744971825,0.8614464349761135,0.9332748931288372,1.674616447199634,1.1310159350775868,0.6833774703292322,0.7156570182258197,5.204626359711738,3.8204941181872503,3.336383496305219,-0.6555024636518972,7.0,28.0
TabM,TargetWeightedFullRF,12,504,0.802344724911535,0.0443528057176101,0.736091133028403,0.7970202119341587,0.8907225650689462,1.5691129782397883,1.0626044958010878,0.5210073057492258,0.7544213084131662,4.818597725316733,3.402104248769253,2.561325402934303,-0.46766550165832865,6.0,23.0
TabM,TargetWeightedFullRF,15,504,0.6820253683731813,0.036956750949741754,0.6139425163869092,0.6802761205636508,0.7597527250334135,1.4467686716974748,0.9542910290270286,0.4059711596372243,0.7774492368791839,3.944573505227508,2.9528361280981423,2.0477429572715677,0.10740695946458444,6.0,21.0
TabM,TargetWeightedFullRF,18,504,0.7147711233303982,0.032390205668372925,0.6540091300096602,0.7166031543432073,0.7769229469949156,1.6266608438231005,1.1083980567904133,0.5626715534352189,0.7254627687652412,3.9859254444876564,2.8938906200643744,2.3806886906122022,0.05283221892242281,6.0,22.0
TabM,TargetWeightedFullRF,21,504,0.6916721153613372,0.036846317554640275,0.6287445620579102,0.6902386859697787,0.7677930649337761,1.5628596188336477,1.024141966002296,0.442602008830501,0.7525888966188918,3.872172198392495,2.7859782696645774,1.840205172277623,0.19535169969331984,6.0,24.0
RF,Affine,3,504,0.6540440027476904,0.055885054134151624,0.5923837766947113,0.6298752264344321,0.7668693605274082,1.665471500366917,1.2145018533597896,-0.14706796080348902,0.7215131971600478,3.4099848312228707,2.6159651033019284,-0.24510995261688878,0.3065825952274597,3.0,11.0
RF,Affine,6,504,0.6611093100859703,0.04833446190253982,0.5927377653178576,0.6563872161056961,0.7609230972600112,1.7740984741328243,1.2868393165180385,0.5863662314371139,0.6889489829550066,3.325318513480625,2.56714558122241,0.19451179193943963,0.3301041926816168,4.0,18.0
RF,Affine,9,504,0.6383706526217751,0.03365416653648906,0.5972707511028471,0.6250698169744545,0.7139583847079407,1.6494433848748749,1.1325636476323075,0.3846917000782172,0.7203333387290338,3.2962524079778768,2.5027681072565557,0.3222710559509657,0.38446378695082084,4.0,18.0
RF,Affine,12,504,0.6104484028139963,0.03285252395642742,0.5771079594038465,0.5969207362285167,0.688028670966585,1.509406997385064,1.1434303447487606,-0.22341963159545716,0.7689436781055394,3.2430853275573632,2.4242579728225504,-0.08091793677833017,0.4095822471258163,5.0,15.0
RF,Affine,15,504,0.6085010962178894,0.014217890107335967,0.5916219954439573,0.6050079231053629,0.6444104686996948,1.4904972419106066,1.1066616904557236,-0.07192239880470784,0.76238051504776,3.25163495045872,2.359199821637365,-0.4837377215841828,0.4217490962767726,5.0,20.0
RF,Affine,18,504,0.6188512717678146,0.015975632642357983,0.5970010565917518,0.6168717538233591,0.6565699823357894,1.5054626804572449,1.0927757987306639,-0.011270582092214357,0.7625722582536507,3.320867201066596,2.362684253635653,-0.8036846761747996,0.4025797047541662,5.0,20.0
RF,Affine,21,504,0.6052257405493482,0.015928536714403068,0.5825030410644151,0.6036415293130759,0.6376510125230358,1.525578330350448,1.1081475986150504,0.10769356318525869,0.7520479386966563,3.1763490762765625,2.253444901122676,-0.7565074340980087,0.4438915457915113,5.0,20.0
RF,CG-HPP,3,504,0.6450261598152481,0.05238356430932139,0.5837414148402891,0.6242753505615984,0.7558424670030359,1.6750051064999218,1.1811696855526377,-0.12823681105799664,0.71828844202489,3.3194045978500446,2.533660837002715,-0.24661694249159646,0.34377688314899757,2.0,8.0
RF,CG-HPP,6,504,0.6017604362243151,0.060042058291559466,0.5092609521013256,0.5986927857628339,0.7192116540448279,1.804137530652083,1.2374414208502378,0.5998742179985598,0.6777435922728057,2.7730273416491116,2.1079224701602377,0.1850637964072882,0.5287519831966718,1.0,2.0
RF,CG-HPP,9,504,0.5575701070589131,0.05144519987150213,0.4671497916132885,0.5599426098121287,0.652577990217408,1.3762873641755469,0.9495801582589778,0.34282837361048535,0.8049369825732305,2.9653420098941963,2.1923246011437922,0.29851010711637943,0.4946590333626082,1.0,6.0
RF,CG-HPP,12,504,0.49949604126786085,0.0526899908572561,0.41105639629646873,0.49726618801277855,0.6076285311308061,1.1900397161127947,0.8365388099768853,-0.1016497464678484,0.8560875957543739,2.713994409426942,2.0305832004436266,-0.38026931207666226,0.5790847218385506,1.0,2.0
RF,CG-HPP,15,504,0.49977073180118853,0.046713739948860376,0.42153047599909055,0.49502222023979375,0.5943210587422655,1.1137785743210242,0.7744866792129501,-0.030498195892224522,0.8671741368939995,2.8185969195451244,2.046300800893822,-0.7037198007070414,0.5575907796973212,1.0,4.0
RF,CG-HPP,18,504,0.5047326336921305,0.04903724770678373,0.4236338447261523,0.5008159645122484,0.6033676538246073,1.134403514129329,0.7759244173421763,-0.025191525354070713,0.8650107148082976,2.8337558807775176,2.024149145507859,-0.8883329501392425,0.5565484631597833,1.0,8.0
RF,CG-HPP,21,504,0.4644788428052929,0.04695347490448256,0.3847371667839613,0.46125378235295056,0.5642959354582884,1.154202603239384,0.767938321119364,0.0583008822605002,0.8571611620052214,2.4599314837197817,1.8289855962134909,-0.6714790861326698,0.6593066834808612,1.0,3.0
RF,Mean,3,504,1.0271637496062778,0.11799644869073243,0.8517928281366248,1.020822035639173,1.282707894367567,1.7287810701880035,1.3996352424994598,-0.57696946219654,0.6966930123373734,6.544139720575575,5.698676703231127,-4.258269443121781,-1.6169724215288797,8.0,29.0
RF,Mean,6,504,0.8408166127235416,0.04804223825628829,0.7846555480664468,0.829132900153594,0.9528314186999104,1.6422114740563754,1.1449544104447724,0.4550297533942424,0.7333698101778363,5.052514243701831,4.234186223171613,-1.2401638701311535,-0.5394027712778733,6.0,25.0
RF,Mean,9,504,0.8180985012376063,0.013162787975057093,0.8014889362728042,0.8155250345677441,0.8500985520103338,1.5972181169809647,1.0910276717564942,0.37703572739858476,0.7380456981224786,4.916834032547647,3.967994515904802,-0.08639666347571462,-0.35978057581293504,7.0,24.0
RF,Mean,12,504,0.8050714605983442,0.014648068986521589,0.7897137323470602,0.8013619493360211,0.8420129137222454,1.4946467863002104,1.1465431161607205,-0.2419203166849779,0.7734670841223652,4.941948586371313,4.085440481237516,-0.4896477175468528,-0.36293411050187824,7.0,24.0
RF,Mean,15,504,0.8237771397170911,0.028969057733965416,0.7837466158979157,0.8180941461898247,0.8889469111863089,1.4852301031719797,1.1122068715358728,-0.08747327277595185,0.7640583718765478,5.115952185363669,4.31255027635102,-1.738889861781651,-0.432910314926125,7.0,28.0
RF,Mean,18,504,0.824075067107149,0.021737970701590358,0.7938508408019374,0.8207564390006243,0.8714637707646034,1.4977956221007789,1.1060356112193397,-0.026901079141819068,0.7650035822796973,5.101677664770279,4.293745906260892,-1.5258100297364907,-0.40955102112078656,7.0,28.0
RF,Mean,21,504,0.8138561354657637,0.01796538086315968,0.7891544998561192,0.8108751535097211,0.856115796309917,1.50119769412487,1.086056419115649,0.1025484996676143,0.7601670402153015,5.008954940902187,4.185108913295507,-1.3221692649048111,-0.3821375487767486,7.0,26.0
RF,NoUpdate,3,504,0.9558092613320416,0.0,0.9558092613320416,0.9558092613320416,0.9558092613320416,1.6664754723050412,1.0978017579554906,0.6786701591809942,0.7230696294961216,6.012065801131203,4.473062494814752,3.710158808338522,-1.135035056421072,7.0,25.0
RF,NoUpdate,6,504,0.962771687086115,0.0,0.962771687086115,0.962771687086115,0.962771687086115,1.6978342716006096,1.1267990510159729,0.7276930922244563,0.7162052830477053,6.030094544385812,4.465361383409687,3.768772271070153,-1.1823608608025966,8.0,30.0
RF,NoUpdate,9,504,0.9815518100754675,0.0,0.9815518100754675,0.9815518100754675,0.9815518100754675,1.7065596950334734,1.1319458480195688,0.7349803782268939,0.7011990086310841,6.180419805436622,4.596621614614156,3.84199659249329,-1.1475811587734612,8.0,30.0
RF,NoUpdate,12,504,0.9628148662100952,0.0,0.9628148662100952,0.9628148662100952,0.9628148662100952,1.605082262237991,1.0963503267559156,0.6657895502400037,0.7389250084360378,6.1548067342175,4.5491306964963405,3.7859723876660274,-1.11292950479629,8.0,30.0
RF,NoUpdate,15,504,0.9415677728308376,0.0,0.9415677728308376,0.9415677728308376,0.9415677728308376,1.623550636389074,1.0913691890315644,0.6832724591255032,0.7180988934847299,5.946743190905792,4.42660450662894,3.5639111204554514,-0.9315119189022908,8.0,31.0
RF,NoUpdate,18,504,0.9501682891792808,0.0,0.9501682891792808,0.9501682891792808,0.9501682891792808,1.6434374529503522,1.0956218796191777,0.692370037884696,0.7170921626711408,5.99428315913677,4.461081964378333,3.548732740141912,-0.9433090745106316,8.0,30.0
RF,NoUpdate,21,504,0.9486217485910232,0.0,0.9486217485910232,0.9486217485910232,0.9486217485910232,1.6540568511377327,1.1122584378798046,0.7213561688470326,0.7088784981951093,5.966704706854795,4.395432454573399,3.545425333243624,-0.9593383723917376,8.0,30.0
RF,TargetOnlyElasticNet,3,504,0.7390461822680092,0.10541184880642722,0.6169996427054435,0.7032000463265489,0.9381830944339729,2.1024791838386614,1.620864142379579,0.40270787914733847,0.5552670824452343,3.557491041173125,2.8668249059537168,0.7295801110113915,0.22053193512497943,4.0,12.0
RF,TargetOnlyElasticNet,6,504,0.6462837625981199,0.13870347331298272,0.47955211413059284,0.609158956631733,0.9729971159755567,1.8341294324350679,1.259815874688494,0.4326544602087591,0.6634055282156618,3.1169385774810396,2.4057873580095643,0.48625451808008563,0.3570474082654396,3.0,16.0
RF,TargetOnlyElasticNet,9,504,0.6468947307573277,0.08398988220360092,0.5020066588797197,0.640272832329398,0.8068739302014148,1.4761126405504268,1.1154495609903006,0.2497629568935875,0.774977135310315,3.6021527270112523,2.7919858822252768,0.1717858362296486,0.24383275340216698,5.0,20.0
RF,TargetOnlyElasticNet,12,504,0.5873691172939989,0.061455408891648126,0.4875187729047989,0.5852034133130085,0.7152772111761908,1.629587612503037,1.2557005209895817,-0.39910948790074086,0.7292985021292986,2.8828634667675765,2.2432603179841126,-0.3954274912263513,0.5232007202837241,3.0,10.0
RF,TargetOnlyElasticNet,15,504,0.59385445457019,0.05914326564456709,0.4901894776135371,0.5879059143876098,0.711191452294293,1.6445020390290783,1.2643371031202328,0.04106264527684381,0.7088291530799313,2.918820887549191,2.1851139526935577,-0.9671041301026623,0.5230702519714426,3.0,18.0
RF,TargetOnlyElasticNet,18,504,0.550282873176455,0.05689798152207111,0.4511898566802914,0.5444877823935939,0.6567643167193316,1.5570176370477056,1.1747023221862334,0.35673600668186134,0.7448362832292568,2.6601928329288085,1.9078054690458428,-0.7206175632842233,0.6060279091009289,3.0,15.0
RF,TargetOnlyElasticNet,21,504,0.4733873894251432,0.04490067710191856,0.405268831311075,0.4696002044319414,0.5740684890140157,1.3120184817203588,0.970945296860988,0.285506608955928,0.8156069238764672,2.325226692561902,1.72033708370335,-0.26037875326489074,0.6960732466092564,3.0,7.0
RF,TargetOnlyRF,3,504,0.8719141729739334,0.07955109318241595,0.7437691122635604,0.8650804705069159,1.0382080870643655,2.7363940406175877,2.301284871961941,1.2498376892257803,0.2491041929848791,3.853985187684554,3.317861043295768,2.236818128960554,0.09665828800295899,6.0,19.0
RF,TargetOnlyRF,6,504,0.6620822202665791,0.05833864643682723,0.5699286852272056,0.6558225712263365,0.8021259510229924,2.254660040581073,1.6158111694842452,0.6259178858160436,0.49604031054001735,2.6894903262587326,2.0620533463168287,0.5225455259151996,0.5585279846665785,5.0,19.0
RF,TargetOnlyRF,9,504,0.5654252875695354,0.029080898127243175,0.5110469129195889,0.565771057835592,0.6231989359154032,1.5578453394189435,1.1502606880468162,0.3983471698023412,0.7504408752301897,2.789721772923278,2.139667070605696,0.18334123075151457,0.5591772251769375,2.0,9.0
RF,TargetOnlyRF,12,504,0.5958095857954604,0.05981164563479699,0.4922733493950876,0.5933924248415097,0.7294270226645806,1.7238263516574255,1.1253832764363145,-0.3139641744979793,0.693327868753651,2.8293494081812978,2.1382592904288207,-0.1036815660142358,0.5450699599708253,4.0,11.0
RF,TargetOnlyRF,15,504,0.5557464480547015,0.050879596379522295,0.466226664806446,0.5538917225127514,0.657699505571527,1.5095769392888385,1.1438729811378479,0.26852654160965983,0.7546794116855389,2.770925987290363,1.9898553629916813,-0.7213169091807512,0.5708987277346823,2.0,8.0
RF,TargetOnlyRF,18,504,0.5278829096174419,0.053353634476952995,0.4351018261176337,0.5235114118731292,0.6387745812325816,1.3469325454694685,0.9838927738614247,0.07167651948594574,0.8090927886573754,2.7485728266251317,1.936735797611127,-0.7505625470549816,0.5808592257268218,2.0,14.0
RF,TargetOnlyRF,21,504,0.5185666291622881,0.0438474519341765,0.4488816468838731,0.5125326957150382,0.6126356096845295,1.396105856965406,0.9754383459873158,0.1379143662378318,0.7910459801567246,2.6022784571168645,1.9406757108250428,-0.37545079484902877,0.621234933795577,4.0,16.0
RF,TargetOnlyRidge,3,504,0.62700155797508,0.09112315862009955,0.5040760347253926,0.6071634722063243,0.7846890151505577,1.4915924101070717,1.045314528665204,-0.35952620379362,0.775288141274513,3.4097763011747713,2.744399443416088,0.7995654306218738,0.28983272752342787,1.0,2.0
RF,TargetOnlyRidge,6,504,0.626892856756471,0.11003669286243106,0.4770559142456079,0.6069519537046065,0.8842192587864954,1.8107047589398044,1.2450144475444453,0.46391422439751717,0.6727216991692088,2.9810491268142467,2.297287207744857,0.41237573225130053,0.43183383418888627,2.0,11.0
RF,TargetOnlyRidge,9,504,0.6295759851252675,0.06561118386726628,0.5096479491454594,0.6276867202183731,0.7544353574935323,1.5117185985337775,1.153291267618889,0.2625333198927889,0.7641957284336718,3.405006349061772,2.6370026345496864,0.2185122335590029,0.3322293742604682,3.0,15.0
RF,TargetOnlyRidge,12,504,0.5860401387375959,0.06066366181581465,0.4817186891976261,0.5847769733599466,0.7109824492785326,1.6222427103501218,1.2604617847545538,-0.3708885580596162,0.7316985134615355,2.88124422217232,2.2482195067028545,-0.40318467324532037,0.5241624597242014,2.0,9.0
RF,TargetOnlyRidge,15,504,0.6036458350285341,0.06022473180743112,0.49556852296840154,0.5958129773157352,0.7214387901105414,1.6747846845776504,1.2990926355398777,0.01575503180748498,0.6979663954075901,2.962698590550145,2.2291762995753017,-1.0047170950818283,0.5085451567955691,4.0,19.0
RF,TargetOnlyRidge,18,504,0.5547785895737699,0.05884143572982376,0.453277362350526,0.5491281118778517,0.6650831223463988,1.5776639057103972,1.1933320097186684,0.3532583121003344,0.7379227128547092,2.6713012679417063,1.9321219284652718,-0.7406207778466237,0.602004186551308,4.0,17.0
RF,TargetOnlyRidge,21,504,0.471881721396282,0.04570817003060354,0.4032392895563709,0.4664783897421684,0.5758234157383276,1.315256284292052,0.9842344457710205,0.29731768093114563,0.8145514352832544,2.307896335790097,1.7112407743586433,-0.28130123548433084,0.7003210374369255,2.0,6.0
RF,TargetWeightedFullRF,3,504,0.8592826477046374,0.02711881800305697,0.8101996625926619,0.8610377565276052,0.9005087418405002,1.712335141398421,1.1459638313652047,0.6197650652307254,0.707310002131969,5.117821711956281,3.9257903841671618,3.401781357196534,-0.5493606074719452,5.0,16.0
RF,TargetWeightedFullRF,6,504,0.8429357524393238,0.04231488523684829,0.7740666045654226,0.839035878264331,0.9280831855497615,1.7754962032699855,1.2172815994516502,0.7583064774994973,0.6890334437817761,4.892120521919455,3.7004624193419153,3.245164393215416,-0.4420051890410755,7.0,26.0
RF,TargetWeightedFullRF,9,504,0.7932490682696244,0.038896425569452685,0.7218871631967189,0.792213146078435,0.8700374884731642,1.6707685583170344,1.0976076069791807,0.6938161860609924,0.7134268602615083,4.6038510988228865,3.400358140740939,2.651251981583642,-0.19777985764743225,6.0,22.0
RF,TargetWeightedFullRF,12,504,0.7424000986032335,0.04673374299834582,0.6733792300642272,0.7345759252624008,0.8323810568713792,1.4014625221246313,0.9453148103670436,0.46498378259329975,0.8006986864195244,4.5261815331600905,3.281292885666966,2.3114803051280948,-0.1516498318586513,6.0,21.0
RF,TargetWeightedFullRF,15,504,0.6895041180532312,0.03640148040228045,0.6228129612126384,0.6854952252442901,0.7740563380050957,1.4104361821862326,0.9722868404028344,0.5350151933108307,0.7869530110154179,4.057801002896839,2.9673904848012884,1.7349173633393062,0.09564043791871177,6.0,22.0
RF,TargetWeightedFullRF,18,504,0.6889647158869491,0.0314269456599118,0.6337482011413752,0.6863645007448723,0.7567204232694823,1.4495450806616812,0.978880157964476,0.5491332417020807,0.7797314061358624,4.000719565237522,2.841991720493928,1.650024644122383,0.13068181812473603,6.0,21.0
RF,TargetWeightedFullRF,21,504,0.6812145680278047,0.044150674928458034,0.6104174508386203,0.6753601370520612,0.7868876255722316,1.4873498235434888,0.9783430794086155,0.5404780655255814,0.7642049401717786,3.8831769828194784,2.8195417340562234,1.8671953869511555,0.16226091962402742,6.0,23.0
