Record_ID,Study_ID,Experiment_ID,Treatment_ID,Stage_Group_std,Initial_BW_kg,DMI_kg_d,Analysis_N_Intake_g_d,Analysis_Diet_CP_pct_DM,Analysis_Diet_EE_pct_DM,Analysis_Diet_NDF_pct_DM,Analysis_Diet_ADF_pct_DM,Analysis_Diet_Starch_pct_DM,Diet_Ash_pct_DM,Analysis_Fecal_N_g_d,Analysis_Urinary_N_g_d,Reference_Control,P2_Source,Starch_imputed_from_906_median,N_to_DMI_g_kg,DMI_per_BW,N_Intake_per_BW,Analysis_Total_N_Excretion_g_d,Analysis_Retained_N_g_d,Data_source,Grain,Renteria2008_mapping_recovered,Source_Notes,MLR_FN_pred,RF_FN_pred,MLR+RF_FN_pred,TabM_FN_pred,MLR_UN_pred,RF_UN_pred,MLR+RF_UN_pred,TabM_UN_pred,MLR_TNE_pred,MLR_RN_pred,RF_TNE_pred,RF_RN_pred,TabM_TNE_pred,TabM_RN_pred,MLR+RF_TNE_pred,MLR+RF_RN_pred
SOW119_SOW_037,Yang2021,Yang2021_early_gilt,NP-DF,gestating_sow,143.0,1.9073252,44.1,14.4508655367,5.46411521224,13.5019090819,3.92028027523,55.8605387272,,5.93,19.68,False,SOW_Core_73,False,23.12138485875403,0.0133379384615384,0.3083916083916084,25.61,18.49,SOW80 analysis dataset,treatment_or_stage_mean_not_individual_pig,False,SOW80 P2 row; numerically cross-checked against SOW53/SOW119/SOW144 source authorities where overlapping.,6.752791736775141,7.323248407170877,7.125927622691902,8.437791,22.107478880241526,17.208489673207954,19.49693672557421,21.471626,28.860270617016667,15.239729382983334,24.53173808037883,19.56826191962117,29.909416,14.190583801269533,26.622864348266116,17.47713565173389
SOW119_SOW_038,Yang2021,Yang2021_early_gilt,NP+DF,gestating_sow,143.0,2.09500297778,44.1,13.1563058823,4.97462044233,19.1446443852,10.4213717819,50.8563540626,,6.83,18.15,False,SOW_Core_73,False,21.05008941167769,0.014650370473986,0.3083916083916084,24.98,19.120000000000005,SOW80 analysis dataset,treatment_or_stage_mean_not_individual_pig,False,SOW80 P2 row; numerically cross-checked against SOW53/SOW119/SOW144 source authorities where overlapping.,7.817674564832208,8.837322245237768,8.484626430408891,9.276287,21.68036799531544,16.31235616077893,18.819896051288445,20.555107,29.498042560147645,14.601957439852356,25.149678406016697,18.950321593983304,29.831394,14.26860580444336,27.304522481697337,16.795477518302665
SOW119_SOW_039,Yang2021,Yang2021_early_gilt,LP-DF,gestating_sow,143.0,1.9069038,36.56,11.9827754289,5.4988504192,13.2231156391,3.55672543104,61.0454488055,,6.27,15.26,False,SOW_Core_73,False,19.17244068631045,0.0133349916083916,0.2556643356643356,21.53,15.03,SOW80 analysis dataset,treatment_or_stage_mean_not_individual_pig,False,SOW80 P2 row; numerically cross-checked against SOW53/SOW119/SOW144 source authorities where overlapping.,5.967590457172559,7.106911396520334,6.712820638725409,8.111828,18.92650573025032,12.700079508022796,15.608607396709552,16.835663,24.89409618742288,11.665903812577124,19.80699090454313,16.75300909545687,24.94749,11.61250930786133,22.321428035434963,14.23857196456504
SOW119_SOW_040,Yang2021,Yang2021_early_gilt,LP+DF,gestating_sow,143.0,2.09458157778,36.56,10.9091000525,5.00614484117,18.891966508,10.0916999461,55.5756813366,,5.68,12.57,False,SOW_Core_73,False,17.454560083904262,0.0146474236208391,0.2556643356643356,18.25,18.31,SOW80 analysis dataset,treatment_or_stage_mean_not_individual_pig,False,SOW80 P2 row; numerically cross-checked against SOW53/SOW119/SOW144 source authorities where overlapping.,6.9587993602553215,8.891278415423015,8.222834512592762,8.820436,18.37047423017031,12.957196603830026,15.485881339418532,16.479834,25.32927359042563,11.230726409574372,21.84847501925304,14.711524980746962,25.30027,11.259729919433596,23.70871585201129,12.851284147988707
SOW119_SOW_041,Yang2021,Yang2021_mid_gilt,NP-DF,gestating_sow,143.0,1.9073252,44.1,14.4508655367,5.46411521224,13.5019090819,3.92028027523,55.8605387272,,4.9,21.86,False,SOW_Core_73,False,23.12138485875403,0.0133379384615384,0.3083916083916084,26.76,17.340000000000003,SOW80 analysis dataset,treatment_or_stage_mean_not_individual_pig,False,SOW80 P2 row; numerically cross-checked against SOW53/SOW119/SOW144 source authorities where overlapping.,6.752791736775141,7.323248407170877,7.125927622691902,8.437791,22.107478880241526,17.208489673207954,19.49693672557421,21.471626,28.860270617016667,15.239729382983334,24.53173808037883,19.56826191962117,29.909416,14.190583801269533,26.622864348266116,17.47713565173389
SOW119_SOW_042,Yang2021,Yang2021_mid_gilt,NP+DF,gestating_sow,143.0,2.09500297778,44.1,13.1563058823,4.97462044233,19.1446443852,10.4213717819,50.8563540626,,6.6,19.12,False,SOW_Core_73,False,21.05008941167769,0.014650370473986,0.3083916083916084,25.72,18.380000000000003,SOW80 analysis dataset,treatment_or_stage_mean_not_individual_pig,False,SOW80 P2 row; numerically cross-checked against SOW53/SOW119/SOW144 source authorities where overlapping.,7.817674564832208,8.837322245237768,8.484626430408891,9.276287,21.68036799531544,16.31235616077893,18.819896051288445,20.555107,29.498042560147645,14.601957439852356,25.149678406016697,18.950321593983304,29.831394,14.26860580444336,27.304522481697337,16.795477518302665
SOW119_SOW_043,Yang2021,Yang2021_mid_gilt,LP-DF,gestating_sow,143.0,1.9069038,36.56,11.9827754289,5.4988504192,13.2231156391,3.55672543104,61.0454488055,,4.9,17.08,False,SOW_Core_73,False,19.17244068631045,0.0133349916083916,0.2556643356643356,21.98,14.580000000000004,SOW80 analysis dataset,treatment_or_stage_mean_not_individual_pig,False,SOW80 P2 row; numerically cross-checked against SOW53/SOW119/SOW144 source authorities where overlapping.,5.967590457172559,7.106911396520334,6.712820638725409,8.111828,18.92650573025032,12.700079508022796,15.608607396709552,16.835663,24.89409618742288,11.665903812577124,19.80699090454313,16.75300909545687,24.94749,11.61250930786133,22.321428035434963,14.23857196456504
SOW119_SOW_044,Yang2021,Yang2021_mid_gilt,LP+DF,gestating_sow,143.0,2.09458157778,36.56,10.9091000525,5.00614484117,18.891966508,10.0916999461,55.5756813366,,5.56,12.23,False,SOW_Core_73,False,17.454560083904262,0.0146474236208391,0.2556643356643356,17.79,18.770000000000003,SOW80 analysis dataset,treatment_or_stage_mean_not_individual_pig,False,SOW80 P2 row; numerically cross-checked against SOW53/SOW119/SOW144 source authorities where overlapping.,6.9587993602553215,8.891278415423015,8.222834512592762,8.820436,18.37047423017031,12.957196603830026,15.485881339418532,16.479834,25.32927359042563,11.230726409574372,21.84847501925304,14.711524980746962,25.30027,11.259729919433596,23.70871585201129,12.851284147988707
SOW119_SOW_045,Yang2021,Yang2021_late_gilt,NP-DF,gestating_sow,143.0,2.37750304,54.96,14.4479310529,5.46411521224,13.5019090819,3.92028027523,55.8605387272,,7.88,18.37,False,SOW_Core_73,False,23.11668968465336,0.0166258953846153,0.3843356643356643,26.25,28.71,SOW80 analysis dataset,treatment_or_stage_mean_not_individual_pig,False,SOW80 P2 row; numerically cross-checked against SOW53/SOW119/SOW144 source authorities where overlapping.,8.23565100936294,7.631284953270447,7.8403349836924,8.784035,25.10199271933522,24.520093913165358,24.791914191079623,25.934874,33.33764372869816,21.62235627130184,32.1513788664358,22.8086211335642,34.71891,20.241089782714845,32.63224917477202,22.32775082522798
SOW119_SOW_046,Yang2021,Yang2021_late_gilt,NP+DF,gestating_sow,143.0,2.61456970667,54.96,13.1379170777,4.96867629686,19.2131665464,10.5003173315,50.7955860964,,8.61,16.6,False,SOW_Core_73,False,21.02066732426072,0.0182837042424475,0.3843356643356643,25.21,29.75,SOW80 analysis dataset,treatment_or_stage_mean_not_individual_pig,False,SOW80 P2 row; numerically cross-checked against SOW53/SOW119/SOW144 source authorities where overlapping.,9.229274541732366,9.1039005666958,9.147267385581976,10.001338,24.301811452812224,25.27409341995825,24.81991487255715,25.450127,33.53108599454459,21.42891400545541,34.377993986654054,20.582006013345943,35.451466,19.508534393310548,33.967182258139125,20.992817741860875
SOW119_SOW_047,Yang2021,Yang2021_late_gilt,LP-DF,gestating_sow,143.0,2.37697776,45.58,11.9847566432,5.4988504192,13.2231156391,3.55672543104,61.0454488055,,5.65,15.06,False,SOW_Core_73,False,19.175610629188217,0.0166222220979021,0.3187412587412587,20.71,24.87,SOW80 analysis dataset,treatment_or_stage_mean_not_individual_pig,False,SOW80 P2 row; numerically cross-checked against SOW53/SOW119/SOW144 source authorities where overlapping.,7.055409477403681,7.1035040033696815,7.086868121829069,8.305868,20.789480440982857,16.767154894582294,18.64608923211916,19.977833,27.84488991838654,17.73511008161346,23.870658897951976,21.709341102048025,28.2837,17.296299057006834,25.73295735394823,19.84704264605177
SOW119_SOW_048,Yang2021,Yang2021_late_gilt,LP+DF,gestating_sow,143.0,2.61404442667,45.14,10.7926627842,5.00016182535,18.9608044223,10.1710553616,55.5092609291,,6.79,10.89,False,SOW_Core_73,False,17.26826045474036,0.0182800309557342,0.3156643356643356,17.68,27.46,SOW80 analysis dataset,treatment_or_stage_mean_not_individual_pig,False,SOW80 P2 row; numerically cross-checked against SOW53/SOW119/SOW144 source authorities where overlapping.,7.923598328315178,8.563557502401947,8.342195823560122,9.227745,19.666304638011304,17.023871971452966,18.258221954951573,19.594553,27.589902966326484,17.550097033673516,25.58742947385491,19.55257052614509,28.822298,16.317701950073243,26.60041777851169,18.539582221488303
SOWP2_WISBECH2024_early_0,Wisbech2024_SBP,Wisbech2024_early,HighFiberBlend_0pct,gestating_sow,231.0,2.48757,52.2,13.0830489192,3.24232081911,13.4573827339,3.82254226422,61.5472127418,,9.3,30.6,False,SOW_Core_73,False,20.9843341091909,0.0107687012987012,0.225974025974026,39.900000000000006,12.299999999999995,SOW80 analysis dataset,treatment_or_stage_mean_not_individual_pig,False,SOW80 P2 row; numerically cross-checked against SOW53/SOW119/SOW144 source authorities where overlapping.,7.201823506593051,7.7478400720420995,7.558973112246222,10.799062,30.39724913167875,20.23517581658268,24.982148251319472,28.882952,37.5990726382718,14.600927361728203,27.983015888624777,24.216984111375226,39.682014,12.517985534667972,32.54112136356569,19.65887863643431
SOWP2_WISBECH2024_early_33,Wisbech2024_SBP,Wisbech2024_early,HighFiberBlend_33pct,gestating_sow,224.0,2.52864,53.9,13.3257403189,3.28018223235,15.8685148815,5.24911247301,55.9225512528,,10.5,26.9,False,SOW_Core_73,False,21.315806125031635,0.0112885714285714,0.240625,37.4,16.5,SOW80 analysis dataset,treatment_or_stage_mean_not_individual_pig,False,SOW80 P2 row; numerically cross-checked against SOW53/SOW119/SOW144 source authorities where overlapping.,7.925835376932909,9.127619921165318,8.711923021910657,11.167961,30.65485348255453,24.373597496411392,27.307737813767,29.580084,38.58068885948744,15.31931114051256,33.50121741757671,20.398782582423287,40.748047,13.151953125,36.019660835677655,17.880339164322343
SOWP2_WISBECH2024_early_67,Wisbech2024_SBP,Wisbech2024_early,HighFiberBlend_67pct,gestating_sow,234.0,2.59592,56.2,13.4549600912,3.32953249715,18.3502945411,6.71748198176,50.1710376283,,11.6,24.3,False,SOW_Core_73,False,21.64935745323431,0.0110936752136752,0.2401709401709401,35.9,20.300000000000004,SOW80 analysis dataset,treatment_or_stage_mean_not_individual_pig,False,SOW80 P2 row; numerically cross-checked against SOW53/SOW119/SOW144 source authorities where overlapping.,8.637587307180345,9.966034355744291,9.506524935721956,11.855638,32.317117510851645,25.0076602390158,28.422100492142743,31.243683,40.95470481803199,15.245295181968013,34.97369459476009,21.226305405239916,43.09932,13.10068054199219,37.9286254278647,18.2713745721353
SOWP2_WISBECH2024_early_100,Wisbech2024_SBP,Wisbech2024_early,HighFiberBlend_100pct,gestating_sow,227.0,2.69239,58.9,13.6830102623,3.36374002281,20.7567380792,8.14127812826,44.5838084379,,13.1,22.6,False,SOW_Core_73,False,21.87647406207867,0.0118607488986784,0.2594713656387665,35.7,23.2,SOW80 analysis dataset,treatment_or_stage_mean_not_individual_pig,False,SOW80 P2 row; numerically cross-checked against SOW53/SOW119/SOW144 source authorities where overlapping.,9.505101051883129,11.001712944550729,10.484035357369793,12.205953,32.84863276859391,24.73951078826026,28.527495515095325,32.12715,42.35373382047703,16.546266179522966,35.74122373281099,23.15877626718901,44.333103,14.566896820068358,39.01153087246512,19.888469127534883
SOWP2_WISBECH2024_mid_0,Wisbech2024_SBP,Wisbech2024_mid,HighFiberBlend_0pct,gestating_sow,243.51,1.86348,39.0,13.0830489192,3.24232081911,13.4573827339,3.82254226422,61.5472127418,,7.0,20.4,False,SOW_Core_73,False,20.92858522763861,0.0076525810028335,0.1601576937292103,27.4,11.6,SOW80 analysis dataset,treatment_or_stage_mean_not_individual_pig,False,SOW80 P2 row; numerically cross-checked against SOW53/SOW119/SOW144 source authorities where overlapping.,5.415050876659297,7.459517447514197,6.752337097914163,10.70769,27.912166501676708,14.853953681091305,20.953789254424745,24.22403,33.327217378336,5.672782621663998,22.313471128605503,16.686528871394497,34.93172,4.068279266357422,27.706126352338902,11.293873647661094
SOWP2_WISBECH2024_mid_33,Wisbech2024_SBP,Wisbech2024_mid,HighFiberBlend_33pct,gestating_sow,238.34,1.87014,39.7,13.3257403189,3.28018223235,15.8685148815,5.24911247301,55.9225512528,,7.5,23.0,False,SOW_Core_73,False,21.2283572352872,0.0078465217756146,0.1665687673072082,30.5,9.200000000000005,SOW80 analysis dataset,treatment_or_stage_mean_not_individual_pig,False,SOW80 P2 row; numerically cross-checked against SOW53/SOW119/SOW144 source authorities where overlapping.,5.98536648798261,9.343155370835037,8.181697242876623,11.0397005,27.990522471189543,16.131039119534403,21.67091654561993,24.330404,33.97588895917215,5.72411104082785,25.47419449036944,14.225805509630565,35.370106,4.3298942565918,29.852613788496555,9.847386211503448
SOWP2_WISBECH2024_mid_67,Wisbech2024_SBP,Wisbech2024_mid,HighFiberBlend_67pct,gestating_sow,255.15,1.88555,40.8,13.4549600912,3.32953249715,18.3502945411,6.71748198176,50.1710376283,,8.4,18.5,False,SOW_Core_73,False,21.63824878682612,0.0073899666862629,0.1599059376837154,26.9,13.9,SOW80 analysis dataset,treatment_or_stage_mean_not_individual_pig,False,SOW80 P2 row; numerically cross-checked against SOW53/SOW119/SOW144 source authorities where overlapping.,6.466932663267328,9.414083841246091,8.394665167408018,11.71848,29.72194365652957,15.587344810831487,22.189988682423845,25.701708,36.1888763197969,4.611123680203093,25.00142865207758,15.79857134792242,37.42019,3.3798110961914034,30.584653849831863,10.215346150168134
SOWP2_WISBECH2024_mid_100,Wisbech2024_SBP,Wisbech2024_mid,HighFiberBlend_100pct,gestating_sow,244.88,1.91186,41.8,13.6830102623,3.36374002281,20.7567380792,8.14127812826,44.5838084379,,8.9,23.8,False,SOW_Core_73,False,21.863525571956107,0.0078073342045083,0.1706958510290754,32.7,9.099999999999994,SOW80 analysis dataset,treatment_or_stage_mean_not_individual_pig,False,SOW80 P2 row; numerically cross-checked against SOW53/SOW119/SOW144 source authorities where overlapping.,7.118103543744192,9.249090519678653,8.511982788929942,11.747685,29.516863201508748,15.296194316994708,21.93904377351521,25.53314,36.63496674525294,5.165033254747058,24.54528483667336,17.254715163326637,37.280827,4.5191734313964815,30.451026562445147,11.34897343755485
SOWP2_WANG2022_mid_Corn,Wang2022_SBM_Sources,Wang2022_mid,Corn,gestating_sow,230.3,2.64,37.87,8.97,2.46,10.29,1.4,69.1881518987,,5.4,16.95,True,SOW_Core_73,False,14.344696969696969,0.0114633087277464,0.1644376899696048,22.35,15.519999999999996,SOW80 analysis dataset,treatment_or_stage_mean_not_individual_pig,False,SOW80 P2 row; numerically cross-checked against SOW53/SOW119/SOW144 source authorities where overlapping.,5.013341680416186,6.427169622880343,5.938126978271086,9.788226,23.57242407800237,12.907838485904202,17.88954765723806,20.564672,28.58576575841856,9.28423424158144,19.335008108784542,18.53499189121545,30.352898,7.517102355957029,23.827674635509148,14.04232536449085
SOWP2_WANG2022_mid_SBM1,Wang2022_SBM_Sources,Wang2022_mid,SBM1,gestating_sow,230.3,2.56,76.18,18.6,1.6,9.65,1.66,51.1770855248,,8.05,36.4,False,SOW_Core_73,False,29.757812500000004,0.0111159357359965,0.3307859313938341,44.45,31.730000000000004,SOW80 analysis dataset,treatment_or_stage_mean_not_individual_pig,False,SOW80 P2 row; numerically cross-checked against SOW53/SOW119/SOW144 source authorities where overlapping.,9.528331135049228,10.8563357785218,10.396979386282675,9.582622,41.44689723656143,27.48001333333336,34.00431313240107,41.181118,50.97522837161066,25.204771628389345,38.33634911185516,37.84365088814485,50.76374,25.416259460449226,44.40129251868375,31.77870748131626
SOWP2_WANG2022_mid_SBM2,Wang2022_SBM_Sources,Wang2022_mid,SBM2,gestating_sow,230.3,2.6,78.7,18.92,1.58,9.84,1.68,50.7304533605,,8.06,37.06,False,SOW_Core_73,False,30.26923076923077,0.0112896222318714,0.3417281806339557,45.120000000000005,33.58,SOW80 analysis dataset,treatment_or_stage_mean_not_individual_pig,False,SOW80 P2 row; numerically cross-checked against SOW53/SOW119/SOW144 source authorities where overlapping.,9.891323332749812,11.851842973303938,11.173699840728748,9.670629,42.4477248921883,27.8599266666667,34.67427192012826,42.308594,52.33904822493811,26.36095177506189,39.71176963997064,38.98823036002936,51.97922,26.720778656005866,45.84797176085701,32.852028239143
SOWP2_WANG2022_mid_SBM3,Wang2022_SBM_Sources,Wang2022_mid,SBM3,gestating_sow,230.3,2.64,78.73,18.63,1.73,10.01,1.81,50.6672843559,,8.16,37.56,False,SOW_Core_73,False,29.82196969696969,0.0114633087277464,0.3418584455058619,45.72,33.010000000000005,SOW80 analysis dataset,treatment_or_stage_mean_not_individual_pig,False,SOW80 P2 row; numerically cross-checked against SOW53/SOW119/SOW144 source authorities where overlapping.,9.978412782354686,11.956749032498005,11.272443140219336,9.799396,42.35209564093872,28.088931666666696,34.75163170027299,42.174988,52.33050842329341,26.399491576706595,40.0456806991647,38.684319300835305,51.974384,26.75561569213868,46.024074840492325,32.70592515950768
SOWP2_WANG2022_mid_SBM4,Wang2022_SBM_Sources,Wang2022_mid,SBM4,gestating_sow,230.3,2.73,85.92,19.68,1.15,9.11,1.15,50.9556910291,,7.51,36.74,False,SOW_Core_73,False,31.472527472527474,0.011854103343465,0.3730785931393834,44.25,41.67,SOW80 analysis dataset,treatment_or_stage_mean_not_individual_pig,False,SOW80 P2 row; numerically cross-checked against SOW53/SOW119/SOW144 source authorities where overlapping.,10.745001345406028,12.11409765585527,11.640527668817157,9.631494,45.387352925236,29.91927833333336,37.14482389175174,45.194504,56.132354270642026,29.787645729357976,42.03337598918863,43.886624010811374,54.825996,31.09400360107422,48.7853515605689,37.1346484394311
SOWP2_WANG2022_mid_SBM5,Wang2022_SBM_Sources,Wang2022_mid,SBM5,gestating_sow,230.3,2.76,85.04,19.27,1.54,10.27,2.84,50.9035357671,,8.7,40.48,False,SOW_Core_73,False,30.811594202898554,0.0119843682153712,0.3692574902301346,49.17999999999999,35.860000000000014,SOW80 analysis dataset,treatment_or_stage_mean_not_individual_pig,False,SOW80 P2 row; numerically cross-checked against SOW53/SOW119/SOW144 source authorities where overlapping.,10.859426987103934,12.686281612860462,12.054373167240476,10.058788,44.8469895646716,29.245210000000025,36.53321267720129,44.899475,55.70641655177553,29.333583448224477,41.93149161286048,43.10850838713952,54.958263,30.08173660278321,48.58758584444177,36.45241415555824
SOWP2_WANG2022_mid_SBM6,Wang2022_SBM_Sources,Wang2022_mid,SBM6,gestating_sow,230.3,2.59,80.38,19.42,1.51,11.8,2.73,51.2180787275,,7.3,36.61,False,SOW_Core_73,False,31.03474903474904,0.0112462006079027,0.3490230134607034,43.91,36.47,SOW80 analysis dataset,treatment_or_stage_mean_not_individual_pig,False,SOW80 P2 row; numerically cross-checked against SOW53/SOW119/SOW144 source authorities where overlapping.,10.300895986236984,12.188771890740512,11.535756203822226,10.1571045,42.983864754455446,28.91842166666669,35.488761059997586,43.546947,53.284760740692434,27.09523925930756,41.10719355740721,39.27280644259279,53.704052,26.67594802856445,47.02451726381981,33.355482736180186
SOWP2_WANG2022_mid_SBM7,Wang2022_SBM_Sources,Wang2022_mid,SBM7,gestating_sow,230.3,2.67,85.49,20.01,2.05,10.66,2.4,51.0661483172,,8.28,36.95,False,SOW_Core_73,False,32.0187265917603,0.0115935735996526,0.3712114633087277,45.23,40.25999999999999,SOW80 analysis dataset,treatment_or_stage_mean_not_individual_pig,False,SOW80 P2 row; numerically cross-checked against SOW53/SOW119/SOW144 source authorities where overlapping.,10.859583886040024,12.183307737245618,11.72543206971732,9.957564,45.0486880119855,29.51587666666669,36.77166246981194,45.496033,55.90827189802552,29.58172810197448,41.69918440391231,43.79081559608769,55.453598,30.036401977539057,48.49709453952927,36.99290546047073
SOWP2_WANG2022_mid_SBM8,Wang2022_SBM_Sources,Wang2022_mid,SBM8,gestating_sow,230.3,2.61,81.64,19.57,1.62,9.95,2.51,51.2708808706,,7.26,35.75,False,SOW_Core_73,False,31.27969348659004,0.0113330438558402,0.3544941380807642,43.01,38.63,SOW80 analysis dataset,treatment_or_stage_mean_not_individual_pig,False,SOW80 P2 row; numerically cross-checked against SOW53/SOW119/SOW144 source authorities where overlapping.,10.22970535798584,12.377878151576768,11.634825851857492,9.6897,43.65489446834068,28.894586666666687,35.78951569248768,43.784668,53.88459982632652,27.75540017367348,41.272464818243456,40.367535181756544,53.47437,28.16563095092773,47.424341544345175,34.215658455654825
SOWP2_WANG2022_mid_SBM9,Wang2022_SBM_Sources,Wang2022_mid,SBM9,gestating_sow,230.3,2.66,79.88,18.78,1.7,12.76,3.64,50.7362038087,,7.98,35.9,False,SOW_Core_73,False,30.03007518796992,0.0115501519756838,0.3468519322622665,43.88,36.0,SOW80 analysis dataset,treatment_or_stage_mean_not_individual_pig,False,SOW80 P2 row; numerically cross-checked against SOW53/SOW119/SOW144 source authorities where overlapping.,10.4908091946537,12.45107726619594,11.773021151263546,10.550675,42.5849523757306,28.96659500000004,35.32808886690158,43.154343,53.0757615703843,26.80423842961569,41.41767226619598,38.46232773380402,53.705017,26.174982910156245,47.10111001816513,32.778889981834865
SOWP2_WANG2022_mid_SBM10,Wang2022_SBM_Sources,Wang2022_mid,SBM10,gestating_sow,230.3,2.66,81.49,19.17,1.95,12.28,3.4,51.3827103662,,8.2,37.09,False,SOW_Core_73,False,30.635338345864657,0.0115501519756838,0.3538428137212331,45.290000000000006,36.19999999999999,SOW80 analysis dataset,treatment_or_stage_mean_not_individual_pig,False,SOW80 P2 row; numerically cross-checked against SOW53/SOW119/SOW144 source authorities where overlapping.,10.600703818596148,12.365637679688875,11.755147607265444,10.413615,43.23408832587739,28.887580000000032,35.58921237815788,43.87129,53.83479214447354,27.655207855526456,41.25321767968891,40.236782320311086,54.284904,27.20509552001953,47.34435998542333,34.14564001457667
SOWP2_WANG2022_mid_SBM11,Wang2022_SBM_Sources,Wang2022_mid,SBM11,gestating_sow,230.3,2.67,80.32,18.83,1.71,11.39,3.03,50.9847123818,,7.83,37.09,False,SOW_Core_73,False,30.08239700374532,0.0115935735996526,0.3487624837168909,44.92,35.39999999999999,SOW80 analysis dataset,treatment_or_stage_mean_not_individual_pig,False,SOW80 P2 row; numerically cross-checked against SOW53/SOW119/SOW144 source authorities where overlapping.,10.366297847525566,12.259772722831928,11.604820353658136,10.222946,42.86608305938199,29.09919000000004,35.53006880184596,43.120148,53.23238090690756,27.087619093092435,41.35896272283196,38.96103727716803,53.343094,26.97690612792968,47.13488915550409,33.1851108444959
SOWP2_WANG2022_late_Corn,Wang2022_SBM_Sources,Wang2022_late,Corn,gestating_sow,238.8,2.65,37.92,8.97,2.46,10.29,1.4,69.1881518987,,5.65,15.57,True,SOW_Core_73,False,14.309433962264151,0.0110971524288107,0.1587939698492462,21.22,16.700000000000003,SOW80 analysis dataset,treatment_or_stage_mean_not_individual_pig,False,SOW80 P2 row; numerically cross-checked against SOW53/SOW119/SOW144 source authorities where overlapping.,4.971694139133291,6.431190257800978,5.926351005277655,10.040331,24.219176669250544,12.913962819237538,18.194926344180285,21.094109,29.190870808383835,8.729129191616167,19.34515307703852,18.574846922961484,31.13444,6.785560531616213,24.12127734945794,13.79872265054206
SOWP2_WANG2022_late_SBM1,Wang2022_SBM_Sources,Wang2022_late,SBM1,gestating_sow,238.8,2.56,76.09,18.6,1.6,9.65,1.66,51.1770855248,,8.39,31.06,False,SOW_Core_73,False,29.72265625,0.0107202680067001,0.3186348408710218,39.45,36.64,SOW80 analysis dataset,treatment_or_stage_mean_not_individual_pig,False,SOW80 P2 row; numerically cross-checked against SOW53/SOW119/SOW144 source authorities where overlapping.,9.458280962951257,10.8563357785218,10.372749053588572,9.7466545,42.03956573947832,27.491630000000026,34.287354434996665,41.67037,51.49784670242958,24.592153297570427,38.34796577852183,37.74203422147818,51.417023,24.67297729492188,44.66010348858524,31.429896511414768
SOWP2_WANG2022_late_SBM2,Wang2022_SBM_Sources,Wang2022_late,SBM2,gestating_sow,238.8,2.59,78.44,18.92,1.58,9.84,1.68,50.7304533605,,8.44,31.69,False,SOW_Core_73,False,30.28571428571429,0.0108458961474036,0.3284757118927973,40.13,38.31,SOW80 analysis dataset,treatment_or_stage_mean_not_individual_pig,False,SOW80 P2 row; numerically cross-checked against SOW53/SOW119/SOW144 source authorities where overlapping.,9.787836022937263,11.630125848251872,10.992878371915886,9.814023,42.96979194368658,27.863426666666697,34.920008265281204,42.742737,52.75762796662384,25.682372033376154,39.49355251491857,38.94644748508143,52.55676,25.883241119384763,45.91288663719709,32.52711336280291
SOWP2_WANG2022_late_SBM3,Wang2022_SBM_Sources,Wang2022_late,SBM3,gestating_sow,238.8,2.59,77.33,18.63,1.73,10.01,1.81,50.6672843559,,8.29,31.58,False,SOW_Core_73,False,29.857142857142858,0.0108458961474036,0.3238274706867671,39.87,37.46,SOW80 analysis dataset,treatment_or_stage_mean_not_individual_pig,False,SOW80 P2 row; numerically cross-checked against SOW53/SOW119/SOW144 source authorities where overlapping.,9.699034260540111,11.060090752956276,10.5893017364698,9.882709,42.46475958475304,27.593891666666693,34.54046623850152,42.196938,52.16379384529316,25.16620615470684,38.65398241962297,38.67601758037703,52.079647,25.25035293579101,45.12976797497132,32.20023202502868
SOWP2_WANG2022_late_SBM4,Wang2022_SBM_Sources,Wang2022_late,SBM4,gestating_sow,238.8,2.67,83.4,19.68,1.15,9.11,1.15,50.9556910291,,7.51,29.39,False,SOW_Core_73,False,31.23595505617978,0.011180904522613,0.3492462311557789,36.9,46.50000000000001,SOW80 analysis dataset,treatment_or_stage_mean_not_individual_pig,False,SOW80 P2 row; numerically cross-checked against SOW53/SOW119/SOW144 source authorities where overlapping.,10.320958074162956,12.422293566873044,11.6954422749293,9.673895,45.10559360842806,29.00279833333336,36.524838661415934,44.83665,55.42655168259101,27.973448317408995,41.4250919002064,41.9749080997936,54.510544,28.889456176757815,48.22028093634523,35.17971906365477
SOWP2_WANG2022_late_SBM5,Wang2022_SBM_Sources,Wang2022_late,SBM5,gestating_sow,238.8,2.74,84.58,19.27,1.54,10.27,2.84,50.9035357671,,8.75,34.05,False,SOW_Core_73,False,30.86861313868613,0.0114740368509212,0.3541876046901172,42.8,41.78,SOW80 analysis dataset,treatment_or_stage_mean_not_individual_pig,False,SOW80 P2 row; numerically cross-checked against SOW53/SOW119/SOW144 source authorities where overlapping.,10.718956968337618,12.706388136785884,12.018936315100412,10.163148,45.29020394007556,29.03521666666669,36.628349890695176,45.278946,56.00916090841318,28.57083909158682,41.74160480345258,42.83839519654742,55.442093,29.137907104492182,48.64728620579559,35.93271379420441
SOWP2_WANG2022_late_SBM6,Wang2022_SBM_Sources,Wang2022_late,SBM6,gestating_sow,238.8,2.76,85.72,19.42,1.51,11.8,2.73,51.2180787275,,8.71,29.53,False,SOW_Core_73,False,31.05797101449276,0.0115577889447236,0.3589614740368509,38.24,47.48,SOW80 analysis dataset,treatment_or_stage_mean_not_individual_pig,False,SOW80 P2 row; numerically cross-checked against SOW53/SOW119/SOW144 source authorities where overlapping.,11.062726847760242,12.95019197176699,12.2973183736945,10.586303,45.56475346611481,29.194255000000023,36.84134654834644,46.013004,56.627480313875054,29.092519686124945,42.14444697176701,43.57555302823299,56.599308,29.120691986083983,49.13866492204095,36.581335077959054
SOWP2_WANG2022_late_SBM7,Wang2022_SBM_Sources,Wang2022_late,SBM7,gestating_sow,238.8,2.74,87.65,20.01,2.05,10.66,2.4,51.0661483172,,8.75,31.94,False,SOW_Core_73,False,31.98905109489051,0.0114740368509212,0.3670435510887772,40.69,46.96000000000001,SOW80 analysis dataset,treatment_or_stage_mean_not_individual_pig,False,SOW80 P2 row; numerically cross-checked against SOW53/SOW119/SOW144 source authorities where overlapping.,11.137975380209312,12.14222888969038,11.794857913785934,10.224644,46.4790519182064,33.19681500000002,39.40129813718677,46.808075,57.61702729841571,30.0329727015843,45.3390438896904,42.3109561103096,57.03272,30.61728134155274,51.196156050972704,36.4538439490273
SOWP2_WANG2022_late_SBM8,Wang2022_SBM_Sources,Wang2022_late,SBM8,gestating_sow,238.8,2.72,85.11,19.57,1.62,9.95,2.51,51.2708808706,,8.43,29.93,False,SOW_Core_73,False,31.290441176470587,0.0113902847571189,0.3564070351758794,38.36,46.75,SOW80 analysis dataset,treatment_or_stage_mean_not_individual_pig,False,SOW80 P2 row; numerically cross-checked against SOW53/SOW119/SOW144 source authorities where overlapping.,10.704602320918225,12.441978297210346,11.841020488549672,10.022144,45.55415344096283,29.385881666666688,36.93850779424065,45.565037,56.25875576188105,28.85124423811895,41.82785996387703,43.28214003612297,55.58718,29.52281890869141,48.77952828279032,36.33047171720968
SOWP2_WANG2022_late_SBM9,Wang2022_SBM_Sources,Wang2022_late,SBM9,gestating_sow,238.8,2.73,82.0,18.78,1.7,12.76,3.64,50.7362038087,,8.4,28.65,False,SOW_Core_73,False,30.03663003663004,0.0114321608040201,0.3433835845896147,37.05,44.95,SOW80 analysis dataset,treatment_or_stage_mean_not_individual_pig,False,SOW80 P2 row; numerically cross-checked against SOW53/SOW119/SOW144 source authorities where overlapping.,10.753309615935745,13.117158430523594,12.299503862367532,10.806994,43.96922562124757,29.26727500000004,36.134943847876656,44.455585,54.72253523718332,27.277464762816685,42.38443343052364,39.61556656947637,55.26258,26.73741912841797,48.434447710244186,33.565552289755814
SOWP2_WANG2022_late_SBM10,Wang2022_SBM_Sources,Wang2022_late,SBM10,gestating_sow,238.8,2.67,81.94,19.17,1.95,12.28,3.4,51.3827103662,,8.38,30.4,False,SOW_Core_73,False,30.689138576779023,0.011180904522613,0.3431323283082076,38.78,43.16,SOW80 analysis dataset,treatment_or_stage_mean_not_individual_pig,False,SOW80 P2 row; numerically cross-checked against SOW53/SOW119/SOW144 source authorities where overlapping.,10.60131732516186,13.04049975873083,12.196787315250631,10.574272,44.00951639747291,28.87667000000003,35.945621628325355,44.56192,54.610833722634766,27.329166277365232,41.91716975873086,40.02283024126914,55.136192,26.80380767822265,48.14240894357599,33.79759105642401
SOWP2_WANG2022_late_SBM11,Wang2022_SBM_Sources,Wang2022_late,SBM11,gestating_sow,238.8,2.7,81.29,18.83,1.71,11.39,3.03,50.9847123818,,8.42,32.41,False,SOW_Core_73,False,30.107407407407408,0.0113065326633165,0.3404103852596315,40.83,40.46000000000001,SOW80 analysis dataset,treatment_or_stage_mean_not_individual_pig,False,SOW80 P2 row; numerically cross-checked against SOW53/SOW119/SOW144 source authorities where overlapping.,10.450454993971825,12.317679352465971,11.67180702887526,10.416267,43.83352273483509,28.9511366666667,35.9030916701559,44.004322,54.28397772880692,27.00602227119309,41.26881601913267,40.021183980867335,54.42059,26.86941055297852,47.574898699031166,33.71510130096884
SOWP2_WANG2025_Exp1_Substitution_Basal,Wang2025_SBM_NE,Exp1_Substitution,Basal,gestating_sow,221.2,2.26860388836,43.0,11.8464929633,1.6729780139,8.99790877748,2.32860453287,63.7411688238,,6.3,20.0,True,SOW_Core_73,False,18.95438874129992,0.010255894612839,0.1943942133815551,26.3,16.7,SOW80 analysis dataset,treatment_or_stage_mean_not_individual_pig,False,SOW80 P2 row; numerically cross-checked against SOW53/SOW119/SOW144 source authorities where overlapping.,5.505069071458678,6.567077729852616,6.1997292659414445,9.373775,27.15251829946805,16.026574405740742,21.223796206482334,23.664755,32.65758737092673,10.342412629073271,22.59365213559336,20.40634786440664,33.03853,9.961471557617188,27.423525472423776,15.576474527576224
SOWP2_WANG2025_Exp1_Substitution_SBM15,Wang2025_SBM_NE,Exp1_Substitution,SBM15,gestating_sow,221.2,2.21459496932,63.5,17.9208842022,1.4887078129,10.4886232272,3.38342684749,54.4234217724,,7.2,26.7,False,SOW_Core_73,False,28.673414723550067,0.0100117313260397,0.2870705244122966,33.9,29.6,SOW80 analysis dataset,treatment_or_stage_mean_not_individual_pig,False,SOW80 P2 row; numerically cross-checked against SOW53/SOW119/SOW144 source authorities where overlapping.,7.818637567294844,8.71828927418345,8.407100029191433,9.338042,35.92480405571109,27.028744396790863,31.184328466031477,35.777576,43.743441623005936,19.756558376994064,35.74703367097432,27.75296632902568,45.11562,18.38438034057617,39.59142849522291,23.908571504777093
SOWP2_WANG2025_Exp1_Substitution_SBM30,Wang2025_SBM_NE,Exp1_Substitution,SBM30,gestating_sow,221.2,2.18890299321,81.3,23.2136829076,1.31652976257,10.7122763587,4.00585124339,45.1481377293,,8.4,45.5,False,SOW_Core_73,False,37.141892652252494,0.0098955831519439,0.3675406871609403,53.9,27.4,SOW80 analysis dataset,treatment_or_stage_mean_not_individual_pig,False,SOW80 P2 row; numerically cross-checked against SOW53/SOW119/SOW144 source authorities where overlapping.,9.678463884680609,10.17895441039534,10.00583489355313,8.647295,43.57013731028739,29.35455833333336,35.99503015980401,45.35913,53.248601194968,28.051398805031997,39.5335127437287,41.7664872562713,54.006424,27.293576049804685,46.00086505335714,35.29913494664286
SOWP2_WANG2025_Exp2_Sources_Basal,Wang2025_SBM_NE,Exp2_Sources,Basal,gestating_sow,209.0,2.11012530193,39.5,11.6995421918,1.6842819194,9.33702594246,2.11383032838,63.7411688238,,5.0,10.1,True,SOW_Core_73,False,18.71926750694464,0.0100962933106698,0.1889952153110047,15.1,24.4,SOW80 analysis dataset,treatment_or_stage_mean_not_individual_pig,False,SOW80 P2 row; numerically cross-checked against SOW53/SOW119/SOW144 source authorities where overlapping.,5.212947890963735,6.482946753205276,6.043654542613607,9.06083,25.32400562994605,12.988859872266609,18.75093175214373,21.579298,30.536953520909783,8.963046479090217,19.471806625471885,20.028193374528115,30.64013,8.859870910644531,24.79458629475734,14.70541370524266
SOWP2_WANG2025_Exp2_Sources_SBM2,Wang2025_SBM_NE,Exp2_Sources,SBM2,gestating_sow,209.0,2.08700277733,58.9,17.6389319649,2.04133419799,10.3758423323,2.61651676206,54.4234217724,,6.8,16.7,False,SOW_Core_73,False,28.222291143931063,0.0099856592216746,0.2818181818181818,23.5,35.4,SOW80 analysis dataset,treatment_or_stage_mean_not_individual_pig,False,SOW80 P2 row; numerically cross-checked against SOW53/SOW119/SOW144 source authorities where overlapping.,7.282352868410173,7.924619903350016,7.702459936158471,8.956165,33.301595451026934,26.572411618105136,29.715790845226397,33.094566,40.58394831943711,18.316051680562893,34.49703152145515,24.40296847854485,42.05073,16.84926834106445,37.41825078138486,21.481749218615136
SOWP2_WANG2025_Exp2_Sources_SBM3,Wang2025_SBM_NE,Exp2_Sources,SBM3,gestating_sow,209.0,2.01517045455,59.2,18.3607296924,1.8834409451,10.5675698537,2.79696619393,54.4234217724,,6.5,25.1,False,SOW_Core_73,False,29.37716750775791,0.0096419638973684,0.2832535885167464,31.6,27.6,SOW80 analysis dataset,treatment_or_stage_mean_not_individual_pig,False,SOW80 P2 row; numerically cross-checked against SOW53/SOW119/SOW144 source authorities where overlapping.,7.185910269465337,7.775869195835258,7.571802587093651,8.848609,33.47930343074601,26.629819355455325,29.829393998286577,33.690308,40.66521370021135,18.534786299788657,34.40568855129058,24.794311448709426,42.538918,16.661082458496097,37.40119658538023,21.798803414619776
SOWP2_WANG2025_Exp2_Sources_SBM4,Wang2025_SBM_NE,Exp2_Sources,SBM4,gestating_sow,209.0,2.05441823371,55.2,16.7930752531,1.98494375053,10.736741196,3.20297741563,54.4234217724,,6.6,15.6,False,SOW_Core_73,False,26.86892040493445,0.0098297523144019,0.2641148325358852,22.2,33.0,SOW80 analysis dataset,treatment_or_stage_mean_not_individual_pig,False,SOW80 P2 row; numerically cross-checked against SOW53/SOW119/SOW144 source authorities where overlapping.,6.957152102187019,7.3043652932521725,7.184264358688823,9.140572,31.93192654684132,25.332803144698197,28.415427714712305,31.200827,38.889078649028335,16.310921350971668,32.637168437950365,22.56283156204964,40.3414,14.858599853515628,35.59969207340113,19.600307926598877
SOWP2_WANG2025_Exp2_Sources_SBM5,Wang2025_SBM_NE,Exp2_Sources,SBM5,gestating_sow,209.0,2.03949147727,58.7,17.9885527392,1.49998590239,9.82321594722,2.84207855189,54.4234217724,,5.7,16.2,False,SOW_Core_73,False,28.781684382704068,0.0097583324271291,0.2808612440191387,21.9,36.8,SOW80 analysis dataset,treatment_or_stage_mean_not_individual_pig,False,SOW80 P2 row; numerically cross-checked against SOW53/SOW119/SOW144 source authorities where overlapping.,7.078417733930726,7.83122260669743,7.570827635856133,8.713433,33.41477532614387,26.413174897457964,29.68380710049862,33.21533,40.4931930600746,18.206806939925407,34.244397504155394,24.45560249584461,41.92876,16.77123947143555,37.25463473635475,21.44536526364525
SOWP2_WANG2025_Exp2_Sources_SBM6,Wang2025_SBM_NE,Exp2_Sources,SBM6,gestating_sow,209.0,2.05181591989,56.5,17.2103645642,1.60148870781,10.2179490794,2.79696619393,54.4234217724,,7.0,12.2,False,SOW_Core_73,False,27.536583302769685,0.0098173010521052,0.2703349282296651,19.2,37.3,SOW80 analysis dataset,treatment_or_stage_mean_not_individual_pig,False,SOW80 P2 row; numerically cross-checked against SOW53/SOW119/SOW144 source authorities where overlapping.,6.974160930947969,7.546109601643804,7.348272734726081,8.932367,32.5178810108483,26.12297975015837,29.110206772252692,31.927443,39.492041941796266,17.007958058203734,33.66908935180217,22.83091064819783,40.85981,15.64019012451172,36.458479506978776,20.041520493021224
SOWP2_RENTERIA2008_C,Renteria2008_Fiber,Renteria2008_wk5_10_14_diet_mean,C_Corn_SBM,gestating_sow,161.6,1.6358370000000002,36.4,13.927732408546817,4.083230786441436,10.26960510124175,3.4120147667524328,58.44054144758922,,5.0,12.5,False,SOW_Core_73,False,22.25160575289592,0.0101227537128712,0.2252475247524752,17.5,18.9,SOW80 analysis dataset,treatment_or_stage_mean_not_individual_pig,True,Routine-P2 mapping recovered from the study source table and cross-checked against the published formula and prior SOW80 analysis.,5.137896449804192,6.99302447386862,6.351336268586729,7.9074283,21.706293159570954,14.210007892387996,17.71172042907861,19.158285,26.844189609375142,9.555810390624853,21.20303236625662,15.19696763374338,27.065714,9.33428611755371,24.06305669766534,12.33694330233466
SOWP2_RENTERIA2008_HS,Renteria2008_Fiber,Renteria2008_wk5_10_14_diet_mean,HS_OatBran,gestating_sow,173.5,1.676268,36.0,13.420348058902276,5.008924587237841,13.978134761267292,2.197679607318161,54.32842481035252,,4.9,15.1,False,SOW_Core_73,False,21.4762794493482,0.0096614870317002,0.207492795389049,20.0,16.0,SOW80 analysis dataset,treatment_or_stage_mean_not_individual_pig,True,Routine-P2 mapping recovered from the study source table and cross-checked against the published formula and prior SOW80 analysis.,5.748844903721597,8.92660445202892,7.827418414774652,9.18631,22.127318763989987,16.606839237358816,19.18560080764958,18.977789,27.876163667711584,8.123836332288416,25.533443689387735,10.466556310612262,28.164099,7.835901260375977,27.01301922242423,8.98698077757577
SOWP2_RENTERIA2008_HIS,Renteria2008_Fiber,Renteria2008_wk5_10_14_diet_mean,HIS_WheatStraw,gestating_sow,169.4,1.752044,38.6,13.83823693925495,3.8147443785658353,20.102919789685647,10.079427228996533,50.45307081329008,,6.6,16.0,False,SOW_Core_73,False,22.031410170064223,0.0103426446280991,0.2278630460448642,22.6,16.0,SOW80 analysis dataset,treatment_or_stage_mean_not_individual_pig,True,Routine-P2 mapping recovered from the study source table and cross-checked against the published formula and prior SOW80 analysis.,6.922991644291315,9.471075546858806,8.589694119196526,9.633961,22.7117960052903,16.042169230862942,19.157727785351664,20.345327,29.63478764958161,8.965212350418387,25.51324477772175,13.086755222278253,29.979288,8.620711898803712,27.74742190454819,10.852578095451811
SOWP2_RENTERIA2008_HSPLUSHIS,Renteria2008_Fiber,Renteria2008_wk5_10_14_diet_mean,HS_HIS_SugarBeetPulp,gestating_sow,162.7,1.721856,37.1,13.503568242640496,3.5124888492417483,17.45093666369313,8.218108831400535,47.9371097234612,,6.3,12.9,False,SOW_Core_73,False,21.54651724650609,0.0105830116779348,0.2280270436385986,19.2,17.900000000000002,SOW80 analysis dataset,treatment_or_stage_mean_not_individual_pig,True,Routine-P2 mapping recovered from the study source table and cross-checked against the published formula and prior SOW80 analysis.,6.528718283534434,9.466865724414175,8.450561440432198,9.420315,22.15534514150915,15.178604650225475,18.43762412091137,19.153402,28.684063425043583,8.415936574956415,24.64547037463965,12.454529625360353,28.573717,8.526282882690431,26.88818556134357,10.211814438656432
SOWP2_YU2026_BARLEY_BASAL,Yu2026_BarleySources,Yu2026_Barley_Youden,Basal,gestating_sow,215.78,2.11,48.28,13.74,3.24,9.5,3.52,49.345661923276495,3.88,7.58,12.650000000000002,True,source_table_144,True,22.881516587677726,0.0097784780795254,0.2237464083789044,20.230000000000004,28.05,SOW80 analysis dataset,treatment_or_stage_mean_not_individual_pig,False,SOW80 P2 row; starch was unavailable in source_table_144 and was filled without outcome information using the 906-record training median (49.345661923276% DM).,6.435383134515745,6.941884491103455,6.766685829735854,9.246617,29.793229750943865,18.177609268489565,23.603571917338392,26.758528,36.22861288545961,12.05138711454039,25.11949375959302,23.16050624040698,36.005146,12.274853973388671,30.37025774707425,17.909742252925753
SOWP2_YU2026_BARLEY_01,Yu2026_BarleySources,Yu2026_Barley_Youden,BL-1,gestating_sow,235.13,2.21,49.87,14.1,2.87,12.6,4.03,49.345661923276495,3.81,8.52,13.619999999999994,False,source_table_144,True,22.565610859728505,0.0093990558414494,0.2120954365670054,22.14,27.730000000000004,SOW80 analysis dataset,treatment_or_stage_mean_not_individual_pig,False,SOW80 P2 row; starch was unavailable in source_table_144 and was filled without outcome information using the 906-record training median (49.345661923276% DM).,6.956906743223783,7.252907964116946,7.150521234073357,10.5788965,31.615601221004177,19.251113386870504,25.026891724454373,28.713211,38.57250796422796,11.297492035772038,26.50402135098745,23.365978649012547,39.292107,10.577893371582029,32.17741295852773,17.692587041472265
SOWP2_YU2026_BARLEY_02,Yu2026_BarleySources,Yu2026_Barley_Youden,BL-2,gestating_sow,235.13,2.3,51.71,14.06,2.9,13.33,3.96,49.345661923276495,3.95,9.76,18.040000000000003,False,source_table_144,True,22.48260869565217,0.0097818228214179,0.2199208948241398,27.800000000000004,23.91,SOW80 analysis dataset,treatment_or_stage_mean_not_individual_pig,False,SOW80 P2 row; starch was unavailable in source_table_144 and was filled without outcome information using the 906-record training median (49.345661923276% DM).,7.309864571056157,7.81452736477707,7.639964661732015,10.812503,32.03219998779558,22.651141428195427,27.03328127409877,29.46093,39.34206455885174,12.367935441148262,30.465668792972497,21.244331207027503,40.273434,11.436566314697266,34.673245935830785,17.036754064169216
SOWP2_YU2026_BARLEY_03,Yu2026_BarleySources,Yu2026_Barley_Youden,BL-3,gestating_sow,226.83,2.22,52.44,14.78,2.7,12.74,3.64,49.345661923276495,4.22,9.49,16.139999999999997,False,source_table_144,True,23.621621621621617,0.0097870652030154,0.2311863510117709,25.629999999999995,26.81,SOW80 analysis dataset,treatment_or_stage_mean_not_individual_pig,False,SOW80 P2 row; starch was unavailable in source_table_144 and was filled without outcome information using the 906-record training median (49.345661923276% DM).,7.265493302555197,7.485119161905119,7.409150645613194,10.383594,31.97897393040724,22.63440091053184,26.99949739865084,29.740225,39.24446723296244,13.195532767037562,30.11952007243696,22.32047992756304,40.123817,12.31618255615234,34.408648044264034,18.031351955735964
SOWP2_YU2026_BARLEY_04,Yu2026_BarleySources,Yu2026_Barley_Youden,BL-4,gestating_sow,227.07,2.08,47.32,14.2,2.59,13.14,3.94,49.345661923276495,4.13,8.5,12.73,False,source_table_144,True,22.75,0.0091601708724181,0.208393887347514,21.23,26.09,SOW80 analysis dataset,treatment_or_stage_mean_not_individual_pig,False,SOW80 P2 row; starch was unavailable in source_table_144 and was filled without outcome information using the 906-record training median (49.345661923276% DM).,6.699422265842296,7.446392246806706,7.188015563221092,10.425255,30.302349306268223,17.84209458916911,23.6626081633038,27.298843,37.00177157211052,10.31822842788948,25.288486835975817,22.031513164024183,37.7241,9.595901794433594,30.85062372652489,16.469376273475106
SOWP2_YU2026_BARLEY_05,Yu2026_BarleySources,Yu2026_Barley_Youden,BL-5,gestating_sow,221.8,2.13,47.16,13.83,2.65,13.92,4.52,49.345661923276495,3.77,8.69,14.13,False,source_table_144,True,22.140845070422536,0.0096032461677186,0.2126239855725878,22.82,24.34,SOW80 analysis dataset,treatment_or_stage_mean_not_individual_pig,False,SOW80 P2 row; starch was unavailable in source_table_144 and was filled without outcome information using the 906-record training median (49.345661923276% DM).,6.880128899739028,7.918840055850158,7.559550190716796,10.556609,29.672636049878484,18.631284929428887,23.788991214932985,26.766058,36.55276494961751,10.607235050382483,26.550124985279044,20.609875014720952,37.322666,9.837333831787106,31.34854140564978,15.811458594350215
SOWP2_YU2026_BARLEY_06,Yu2026_BarleySources,Yu2026_Barley_Youden,BL-6,gestating_sow,188.13,1.86,42.81,14.35,2.8,12.03,3.66,49.345661923276495,3.88,9.93,4.650000000000002,False,source_table_144,True,23.016129032258064,0.0098867804177962,0.2275554138095997,14.580000000000002,28.23,SOW80 analysis dataset,treatment_or_stage_mean_not_individual_pig,False,SOW80 P2 row; starch was unavailable in source_table_144 and was filled without outcome information using the 906-record training median (49.345661923276% DM).,6.167650780847406,6.9116250025203705,6.654284551139892,9.151341,26.2224598338007,16.740911026688988,21.16999251728492,23.429388,32.39011061464811,10.419889385351894,23.65253602920936,19.157463970790644,32.58073,10.22926956176758,27.82427706842481,14.985722931575191
SOWP2_YU2026_BARLEY_07,Yu2026_BarleySources,Yu2026_Barley_Youden,BL-7,gestating_sow,194.3,1.9,45.11,14.83,2.87,11.15,3.25,49.345661923276495,3.99,9.12,7.520000000000003,False,source_table_144,True,23.742105263157896,0.0097786927431806,0.2321667524446731,16.64,28.47,SOW80 analysis dataset,treatment_or_stage_mean_not_individual_pig,False,SOW80 P2 row; starch was unavailable in source_table_144 and was filled without outcome information using the 906-record training median (49.345661923276% DM).,6.245587563596676,6.913156387544235,6.682244539421469,9.018613,27.528997505825345,17.38970335801882,22.126035042993543,24.949753,33.77458506942202,11.335414930577985,24.30285974556305,20.807140254436945,33.968365,11.141635284423828,28.80827958241501,16.301720417584985
SOWP2_YU2026_BARLEY_08,Yu2026_BarleySources,Yu2026_Barley_Youden,BL-8,gestating_sow,192.17,1.91,43.79,14.34,3.0,13.5,3.92,49.345661923276495,4.0,9.44,7.620000000000001,False,source_table_144,True,22.926701570680628,0.0099391164073476,0.2278711557475152,17.060000000000002,26.73,SOW80 analysis dataset,treatment_or_stage_mean_not_individual_pig,False,SOW80 P2 row; starch was unavailable in source_table_144 and was filled without outcome information using the 906-record training median (49.345661923276% DM).,6.488715899955948,7.604474995710443,7.218534272270225,9.64391,26.635294270154127,16.597666289843094,21.286507026889947,24.003532,33.12401017011008,10.665989829889924,24.202141285553537,19.58785871444646,33.64744,10.142558135986327,28.50504129916017,15.284958700839828
SOWP2_YU2026_BARLEY_09,Yu2026_BarleySources,Yu2026_Barley_Youden,BL-9,gestating_sow,202.2,1.99,45.47,14.26,2.77,13.11,3.8,49.345661923276495,4.13,9.63,9.119999999999996,False,source_table_144,True,22.84924623115577,0.0098417408506429,0.2248763600395648,18.75,26.72,SOW80 analysis dataset,treatment_or_stage_mean_not_individual_pig,False,SOW80 P2 row; starch was unavailable in source_table_144 and was filled without outcome information using the 906-record training median (49.345661923276% DM).,6.599751927449459,7.47617620868436,7.17302132298599,9.830837,27.90900255061583,16.862793289605804,22.0227689406822,25.207077,34.50875447806529,10.961245521934709,24.338969498290165,21.131030501709837,35.037914,10.432085723876952,29.195790263668187,16.274209736331812
SOWP2_YU2026_BARLEY_10,Yu2026_BarleySources,Yu2026_Barley_Youden,BL-10,gestating_sow,199.53,1.98,44.32,13.99,2.36,12.83,3.85,49.345661923276495,3.28,8.52,9.479999999999997,False,source_table_144,True,22.383838383838384,0.0099233198015336,0.2221219866686714,17.999999999999996,26.320000000000004,SOW80 analysis dataset,treatment_or_stage_mean_not_individual_pig,False,SOW80 P2 row; starch was unavailable in source_table_144 and was filled without outcome information using the 906-record training median (49.345661923276% DM).,6.456107602474266,7.331950519965141,7.028996727804619,9.714069,27.40350433733346,16.616048439335923,21.65515357083133,24.468973,33.85961193980773,10.460388060192273,23.947998959301064,20.372001040698937,34.183044,10.13695556640625,28.68415029863595,15.635849701364052
SOWP2_ZHANG2025_DDGS_BASAL,Zhang2025_DDGS,Zhang2025_Exp2_DDGS_sources,Basal-2,gestating_sow,225.4,2.22,40.83,11.41,3.28,12.16,3.69,49.345661923276495,3.97,6.56,18.21,True,source_table_144,True,18.39189189189189,0.009849157054126,0.1811446317657497,24.77,16.06,SOW80 analysis dataset,treatment_or_stage_mean_not_individual_pig,False,SOW80 P2 row; starch was unavailable in source_table_144 and was filled without outcome information using the 906-record training median (49.345661923276% DM).,6.15434565620156,7.131595542957055,6.793565111736376,10.428356,27.270887253638307,15.765430451827436,21.139932740264705,22.85864,33.42523290983986,7.404767090160135,22.89702599478449,17.932974005215506,33.286995,7.543005065917967,27.93349785200108,12.896502147998916
SOWP2_ZHANG2025_DDGS_J1,Zhang2025_DDGS,Zhang2025_Exp2_DDGS_sources,J1-D1,gestating_sow,225.4,2.13,60.6,17.79,3.29,19.43,5.54,49.345661923276495,4.96,7.43,27.93,False,source_table_144,True,28.45070422535212,0.009449866903283,0.2688553682342502,35.36,25.24,SOW80 analysis dataset,treatment_or_stage_mean_not_individual_pig,False,SOW80 P2 row; starch was unavailable in source_table_144 and was filled without outcome information using the 906-record training median (49.345661923276% DM).,8.783439147795153,9.08244835718886,8.979021164860521,11.020394,34.431977960706355,24.84829619796369,29.325086685535474,35.267887,43.21541710850151,17.38458289149849,33.93074455515255,26.66925544484745,46.28828,14.311719512939456,38.304107850396,22.295892149604008
SOWP2_ZHANG2025_DDGS_J2,Zhang2025_DDGS,Zhang2025_Exp2_DDGS_sources,J2-D2,gestating_sow,225.4,2.09,56.31,16.52,5.94,19.44,6.36,49.345661923276495,5.2,9.58,20.67,False,source_table_144,True,26.94258373205741,0.0092724046140195,0.2498225377107364,30.25,26.06,SOW80 analysis dataset,treatment_or_stage_mean_not_individual_pig,False,SOW80 P2 row; starch was unavailable in source_table_144 and was filled without outcome information using the 906-record training median (49.345661923276% DM).,8.471607981026068,9.67821638597368,9.260850914801225,11.148526,32.350234004401095,24.79328286463037,28.323334030257616,32.30048,40.82184198542716,15.48815801457284,34.47149925060405,21.838500749395955,43.449005,12.860994873046875,37.58418494505884,18.725815054941165
SOWP2_ZHANG2025_DDGS_N3,Zhang2025_DDGS,Zhang2025_Exp2_DDGS_sources,N3-D3,gestating_sow,225.4,2.22,61.72,17.68,4.84,18.86,6.01,49.345661923276495,4.99,8.12,33.27,False,source_table_144,True,27.8018018018018,0.009849157054126,0.2738243123336291,41.39,20.33,SOW80 analysis dataset,treatment_or_stage_mean_not_individual_pig,False,SOW80 P2 row; starch was unavailable in source_table_144 and was filled without outcome information using the 906-record training median (49.345661923276% DM).,9.044189133187167,9.357278536916388,9.24898100975618,11.128365,34.76283769814406,24.71216666666669,29.407100156878343,35.420918,43.80702683133123,17.91297316866877,34.06944520358308,27.65055479641692,46.549282,15.17071792602539,38.65608116663452,23.06391883336548
SOWP2_ZHANG2025_DDGS_X4,Zhang2025_DDGS,Zhang2025_Exp2_DDGS_sources,X4-D4,gestating_sow,225.4,2.3,59.82,16.44,5.37,19.84,4.6,49.345661923276495,4.89,8.11,25.92,False,source_table_144,True,26.00869565217392,0.010204081632653,0.2653948535936113,34.03,25.79,SOW80 analysis dataset,treatment_or_stage_mean_not_individual_pig,False,SOW80 P2 row; starch was unavailable in source_table_144 and was filled without outcome information using the 906-record training median (49.345661923276% DM).,9.12495013288343,9.237036632048666,9.198265946924687,11.392303,33.580700977392304,24.664786809287524,28.8296454433617,33.75822,42.70565111027574,17.114348889724262,33.90182344133619,25.91817655866381,45.150524,14.669475860595703,38.027911390286384,21.792088609713616
SOWP2_ZHANG2025_DDGS_C5,Zhang2025_DDGS,Zhang2025_Exp2_DDGS_sources,C5-D5,gestating_sow,225.4,2.13,56.67,16.6,5.71,17.62,4.26,49.345661923276495,4.8,6.51,18.73,False,source_table_144,True,26.605633802816904,0.009449866903283,0.2514196983141082,25.24,31.43,SOW80 analysis dataset,treatment_or_stage_mean_not_individual_pig,False,SOW80 P2 row; starch was unavailable in source_table_144 and was filled without outcome information using the 906-record training median (49.345661923276% DM).,8.318806257484908,8.674155911953477,8.551240577235017,10.973487,32.71664755147336,25.49152380190822,28.86656964277988,32.40154,41.035453808958266,15.634546191041736,34.16567971386169,22.50432028613831,43.375027,13.294973297119142,37.41781022001489,19.25218977998511
SOWP2_XU2023_WB0,Xu2023_WheatBran,Xu2023_WheatBran_Youden,WB0,gestating_sow,206.8,1.7,59.1,16.384180790960453,1.4689265536723164,9.717514124293784,3.2768361581920904,49.345661923276495,4.293785310734463,5.1,32.0,True,source_table_144,True,34.76470588235294,0.0082205029013539,0.2857833655705996,37.1,22.0,SOW80 analysis dataset,treatment_or_stage_mean_not_individual_pig,False,SOW80 P2 row; starch was unavailable in source_table_144 and was filled without outcome information using the 906-record training median (49.345661923276% DM).,6.237271930785205,7.560087599563129,7.102526072053483,7.9623184,31.06246341333309,24.693699679816927,27.668717173682232,32.930965,37.2997353441183,21.800264655881705,32.253787279380056,26.846212720619945,40.893284,18.20671615600586,34.77124324573572,24.328756754264283
SOWP2_XU2023_WB10,Xu2023_WheatBran,Xu2023_WheatBran_Youden,WB10,gestating_sow,217.0,1.86,65.0,16.194790486976217,1.9252548131370328,12.797281993204985,4.077010192525481,49.345661923276495,4.530011325028313,6.1,31.6,False,source_table_144,True,34.946236559139784,0.0085714285714285,0.2995391705069124,37.7,27.3,SOW80 analysis dataset,treatment_or_stage_mean_not_individual_pig,False,SOW80 P2 row; starch was unavailable in source_table_144 and was filled without outcome information using the 906-record training median (49.345661923276% DM).,7.497304791395139,8.019194355319428,7.838672917830596,9.172347,33.57350880687625,27.52731130223935,30.351649604035437,35.942566,41.070813598271386,23.92918640172861,35.54650565755878,29.453494342441218,45.114914,19.885086059570312,38.19032252186603,26.80967747813397
SOWP2_XU2023_WB20,Xu2023_WheatBran,Xu2023_WheatBran_Youden,WB20,gestating_sow,202.7,1.8,63.5,16.817155756207676,2.595936794582393,15.23702031602709,4.740406320541761,49.345661923276495,4.740406320541761,6.9,31.5,False,source_table_144,True,35.27777777777778,0.0088801184015786,0.3132708436112482,38.4,25.1,SOW80 analysis dataset,treatment_or_stage_mean_not_individual_pig,False,SOW80 P2 row; starch was unavailable in source_table_144 and was filled without outcome information using the 906-record training median (49.345661923276% DM).,7.668518622982511,8.322664506700358,8.09639564941913,9.262467,31.80188065518465,26.89633034666667,29.18784226256248,35.13217,39.47039927816717,24.02960072183284,35.21899485336703,28.28100514663297,44.394638,19.10536193847656,37.284237911981606,26.215762088018398
SOWP2_XU2023_WB30,Xu2023_WheatBran,Xu2023_WheatBran_Youden,WB30,gestating_sow,214.4,1.91,67.7,17.13641488162345,1.916572717023676,20.63134160090192,5.749718151071026,49.345661923276495,5.0732807215332585,8.2,31.1,False,source_table_144,True,35.44502617801047,0.0089085820895522,0.3157649253731343,39.3,28.40000000000001,SOW80 analysis dataset,treatment_or_stage_mean_not_individual_pig,False,SOW80 P2 row; starch was unavailable in source_table_144 and was filled without outcome information using the 906-record training median (49.345661923276% DM).,8.903669913407821,8.23384089391657,8.465534542973398,10.295684,33.92824714283799,30.02545333333335,31.848551244333294,38.09891,42.83191705624581,24.86808294375419,38.25929422724992,29.44070577275009,48.394596,19.305403900146487,40.314085787306695,27.385914212693308
SOWP2_XU2023_WB40,Xu2023_WheatBran,Xu2023_WheatBran_Youden,WB40,gestating_sow,207.7,1.98,57.8,17.435320584926885,2.4746906636670416,22.15973003374578,6.749156355455568,49.345661923276495,5.286839145106862,9.4,32.0,False,source_table_144,True,29.19191919191919,0.0095329802599903,0.2782859894077997,41.4,16.4,SOW80 analysis dataset,treatment_or_stage_mean_not_individual_pig,False,SOW80 P2 row; starch was unavailable in source_table_144 and was filled without outcome information using the 906-record training median (49.345661923276% DM).,8.68473926461538,8.863472478574431,8.801648715577002,10.589744,31.676831978286323,25.281106610283956,28.26871859463688,33.333126,40.3615712429017,17.438428757098293,34.144579088858386,23.65542091114161,43.92287,13.877129364013667,37.07036731021388,20.729632689786115
SOWP2_XU2023_WB50,Xu2023_WheatBran,Xu2023_WheatBran_Youden,WB50,gestating_sow,217.4,2.08,63.8,17.640449438202246,2.696629213483146,24.382022471910112,7.415730337078651,49.345661923276495,5.617977528089887,11.1,31.6,False,source_table_144,True,30.67307692307692,0.0095676172953081,0.2934682612695492,42.7,21.099999999999994,SOW80 analysis dataset,treatment_or_stage_mean_not_individual_pig,False,SOW80 P2 row; starch was unavailable in source_table_144 and was filled without outcome information using the 906-record training median (49.345661923276% DM).,9.608676298366134,8.70543619617232,9.017866665981908,11.01442,33.987070807214806,26.98939333333334,30.258193020730584,36.694736,43.59574710558094,20.204252894419056,35.69482952950566,28.105170470494336,47.709156,16.090843963623044,39.27605968671249,24.523940313287504
