Scope,Grain,Model,Endpoint,n,RMSE,MAE,Bias_pred_minus_obs,R2,Observed_sample_SD,Primary_NRMSE
673_to_confirmation_233,record,MLR,FN,233,2.0880299114550605,1.5641278725792682,0.1470490641920551,0.55698873060544,3.1438607142439,
673_to_confirmation_233,record,MLR,UN,233,5.189104509361504,3.833485394348864,0.6672502312899206,0.6840478006225476,9.251575432108591,
673_to_confirmation_233,record,MLR,PRIMARY,233,,,,,,0.6125249086748505
673_to_confirmation_233,record,RF,FN,233,2.183446204658824,1.526125851907836,0.2454816681289967,0.5155752372904521,3.1438607142439,
673_to_confirmation_233,record,RF,UN,233,5.214931929385543,3.77930905835561,0.5841096220799492,0.6808948335318901,9.251575432108591,
673_to_confirmation_233,record,RF,PRIMARY,233,,,,,,0.6290957668663566
673_to_confirmation_233,record,TabM,FN,233,2.100229353878772,1.516470976696748,0.1617653426208551,0.5517969673291422,3.1438607142439,
673_to_confirmation_233,record,TabM,UN,233,5.070426088334193,3.558404354748665,0.4720135720296046,0.6983346280347204,9.251575432108591,
673_to_confirmation_233,record,TabM,PRIMARY,233,,,,,,0.6080511521396819
673_to_confirmation_233,record,MLR+RF,FN,233,2.111499698183091,1.4998549425598682,0.2114338611085764,0.546973726460119,3.1438607142439,
673_to_confirmation_233,record,MLR+RF,UN,233,5.070845342879887,3.655430552630664,0.6229467931856397,0.698284738812345,9.251575432108591,
673_to_confirmation_233,record,MLR+RF,PRIMARY,233,,,,,,0.6098662476518748
all906_to_546_zero_shot,animal,MLR,FN,546,2.4041788365760417,2.0253532142628474,1.6442908263668805,0.4732355691569114,3.3155579196755527,
all906_to_546_zero_shot,animal,MLR,UN,546,6.201011369588373,4.329815647350617,2.7417706443771683,-0.6183990392567065,4.878853661299307,
all906_to_546_zero_shot,animal,MLR,PRIMARY,546,,,,,,0.9980590305872196
all906_to_546_zero_shot,animal,RF,FN,546,1.8313342499712333,1.289847237451824,0.6976911304621988,0.694354407262871,3.3155579196755527,
all906_to_546_zero_shot,animal,RF,UN,546,6.706301336484778,4.977418929937319,3.8505413174524254,-0.8928956986373149,4.878853661299307,
all906_to_546_zero_shot,animal,RF,PRIMARY,546,,,,,,0.963455348553369
all906_to_546_zero_shot,animal,TabM,FN,546,2.059666995685693,1.4480284372490673,0.7215255071224526,0.6133865826120842,3.3155579196755527,
all906_to_546_zero_shot,animal,TabM,UN,546,6.427084866805316,4.426972661291897,3.540292290981341,-0.7385557669042191,4.878853661299307,
all906_to_546_zero_shot,animal,TabM,PRIMARY,546,,,,,,0.9692739148416348
all906_to_546_zero_shot,animal,MLR+RF,FN,546,1.9439313392583448,1.4609271841544356,1.0251196702212226,0.6556145892876903,3.3155579196755527,
all906_to_546_zero_shot,animal,MLR+RF,UN,546,6.3819628188467465,4.541291008118218,3.332605296098003,-0.7142300189867823,4.878853661299307,
all906_to_546_zero_shot,animal,MLR+RF,PRIMARY,546,,,,,,0.9471962469317468
all906_to_546_zero_shot,source_mean,MLR,FN,91,2.284140555961963,1.951686495136783,1.64429082636688,0.4905225043009282,3.217805307720104,
all906_to_546_zero_shot,source_mean,MLR,UN,91,5.625136965258539,3.914336650768093,2.7417706443771688,-0.7193836582676882,4.313662326688805,
all906_to_546_zero_shot,source_mean,MLR,PRIMARY,91,,,,,,1.0069361778518438
all906_to_546_zero_shot,source_mean,RF,FN,91,1.6629730014583106,1.1030052040023712,0.6976911304621987,0.7299465360023865,3.217805307720104,
all906_to_546_zero_shot,source_mean,RF,UN,91,6.186356406660747,4.588294332945923,3.850541317452427,-1.0795839909062073,4.313662326688805,
all906_to_546_zero_shot,source_mean,RF,PRIMARY,91,,,,,,0.9754671899103392
all906_to_546_zero_shot,source_mean,TabM,FN,91,1.9224510968935795,1.3157832606867093,0.7215255071224527,0.6390974441932145,3.217805307720104,
all906_to_546_zero_shot,source_mean,TabM,UN,91,5.908180381382179,3.9803849440108015,3.540292290981341,-0.8967674324401238,4.313662326688805,
all906_to_546_zero_shot,source_mean,TabM,PRIMARY,91,,,,,,0.9835426980661762
all906_to_546_zero_shot,source_mean,MLR+RF,FN,91,1.792607462789386,1.3232749697452826,1.0251196702212226,0.6862023002988511,3.217805307720104,
all906_to_546_zero_shot,source_mean,MLR+RF,UN,91,5.833585753174833,4.104991311644047,3.3326052960980026,-0.8491739403470011,4.313662326688805,
all906_to_546_zero_shot,source_mean,MLR+RF,PRIMARY,91,,,,,,0.9547205694800264
all906_to_SOW80_zero_shot,treatment_stage_mean,MLR,FN,80,1.8112876770255362,1.5771805515958637,0.33648152621677996,-0.280397989762492,1.6108176829160203,
all906_to_SOW80_zero_shot,treatment_stage_mean,MLR,UN,80,10.80440084200821,9.213447943791072,9.12861498963071,-0.281266270599962,9.605333298996456,
all906_to_SOW80_zero_shot,treatment_stage_mean,MLR,PRIMARY,80,,,,,,1.1246429176523711
all906_to_SOW80_zero_shot,treatment_stage_mean,RF,FN,80,2.6205434417841302,2.231406271423033,1.5334176544356244,-1.680111399071333,1.6108176829160203,
all906_to_SOW80_zero_shot,treatment_stage_mean,RF,UN,80,6.204266861427133,5.13100343368515,-0.8533320321206675,0.5775075459441801,9.605333298996456,
all906_to_SOW80_zero_shot,treatment_stage_mean,RF,PRIMARY,80,,,,,,1.136379727355342
all906_to_SOW80_zero_shot,treatment_stage_mean,TabM,FN,80,2.4401615377580064,2.1952135962500003,2.14872177125,-1.3238456221038448,1.6108176829160203,
all906_to_SOW80_zero_shot,treatment_stage_mean,TabM,UN,80,9.854957073686426,8.3283930125,8.2661272875,-0.06597615778180388,9.605333298996456,
all906_to_SOW80_zero_shot,treatment_stage_mean,TabM,PRIMARY,80,,,,,,1.2704234801255003
all906_to_SOW80_zero_shot,treatment_stage_mean,MLR+RF,FN,80,2.2670100995354594,1.9376017816135764,1.1193978207688073,-1.0057510516452957,1.6108176829160203,
all906_to_SOW80_zero_shot,treatment_stage_mean,MLR+RF,UN,80,6.783942536805997,5.207674674575573,3.8094986607918115,0.49487095821792926,9.605333298996456,
all906_to_SOW80_zero_shot,treatment_stage_mean,MLR+RF,PRIMARY,80,,,,,,1.0568171748279054
